module_order,module_id,metal_enrichment,candidate_rank,gene_symbol,module_membership,gene_significance,priority_score,copper_gene,broad_iron_gene,core_iron_gene
1,AD_ERC_greenyellow,Copper,1,DAXX,0.554453361124921,0.4210492827511889,0.23345219002063392,TRUE,FALSE,FALSE
1,AD_ERC_greenyellow,Copper,2,COX17,0.49955525666544415,0.38805918031663406,0.193857003424458,TRUE,FALSE,FALSE
1,AD_ERC_greenyellow,Copper,3,SNCA,0.5223195488360176,0.255360436373395,0.13337974791712026,TRUE,TRUE,TRUE
1,AD_ERC_greenyellow,Copper,4,S100A5,0.3173740511691918,0.1915009658216721,0.060777437325637,TRUE,FALSE,FALSE
1,AD_ERC_greenyellow,Copper,5,MUC2,0.32740834559853954,0.09517001743697544,0.03115945795962429,TRUE,FALSE,FALSE
1,AD_ERC_greenyellow,Copper,6,ANG,0.4421701348008361,0.00430205186902879,0.00190223885484865,TRUE,FALSE,FALSE
2,AD_ERC_darkred,Broad iron,1,CISD3,0.6863741069207038,0.5910004005063908,0.40564737208735224,FALSE,TRUE,TRUE
2,AD_ERC_darkred,Broad iron,2,STEAP4,0.8021683706598175,0.4897894324410368,0.3928935909876233,FALSE,TRUE,FALSE
2,AD_ERC_darkred,Broad iron,3,ACP5,0.7190711579717293,0.5296522263248276,0.3808576397056982,FALSE,TRUE,TRUE
2,AD_ERC_darkred,Broad iron,4,NFU1,0.6083108846048754,0.4649908740087,0.28285900990142643,FALSE,TRUE,TRUE
2,AD_ERC_darkred,Broad iron,5,EGLN1,0.6831080953152913,0.4109886238911915,0.28074965606256447,FALSE,TRUE,TRUE
2,AD_ERC_darkred,Broad iron,6,NOS3,0.5838039812607573,0.44786511335088025,0.2614654362420442,FALSE,TRUE,FALSE
2,AD_ERC_darkred,Broad iron,7,SLC39A14,0.7322985900600341,0.34703457404560495,0.254132929275681,FALSE,TRUE,TRUE
2,AD_ERC_darkred,Broad iron,8,SLC40A1,0.5791007114898761,0.4329458656658915,0.2507192588437181,FALSE,TRUE,TRUE
2,AD_ERC_darkred,Broad iron,9,TFR2,0.5074522544994284,0.48188590669825054,0.24453408976552848,FALSE,TRUE,TRUE
2,AD_ERC_darkred,Broad iron,10,NOX4,0.49769226097720454,0.47689816607677754,0.2373485265306338,FALSE,TRUE,FALSE
2,AD_ERC_darkred,Broad iron,11,ADO,0.5937673312631956,0.3648374614577656,0.21662856583461648,FALSE,TRUE,TRUE
2,AD_ERC_darkred,Broad iron,12,NDUFS2,0.5896079159160513,0.3105851297736496,0.18312345108035788,FALSE,TRUE,TRUE
2,AD_ERC_darkred,Broad iron,13,SLC25A37,0.6115002444761893,0.22689547977208968,0.13874664135117512,FALSE,TRUE,TRUE
2,AD_ERC_darkred,Broad iron,14,NDUFS4,0.3807544741714184,0.34292395934042896,0.1305698318194459,FALSE,TRUE,TRUE
2,AD_ERC_darkred,Broad iron,15,ATP6V0D1,0.433974888466124,0.2946701790231625,0.12787945807586976,FALSE,TRUE,TRUE
2,AD_ERC_darkred,Broad iron,16,CYP46A1,0.44695251502890465,0.2832734058000302,0.126609761163127,FALSE,TRUE,FALSE
2,AD_ERC_darkred,Broad iron,17,BCL2,0.5803374949873171,0.20530692100615475,0.11914730424027084,FALSE,TRUE,TRUE
2,AD_ERC_darkred,Broad iron,18,HEBP1,0.5341758394346273,0.20880524307445011,0.1115387159976458,FALSE,TRUE,FALSE
2,AD_ERC_darkred,Broad iron,19,STC2,0.3901269760828626,0.2669469410332244,0.10414320287986208,FALSE,TRUE,FALSE
2,AD_ERC_darkred,Broad iron,20,KCNH7,0.4161672726972499,0.24730125719265897,0.10291868974047004,FALSE,TRUE,FALSE
2,AD_ERC_darkred,Broad iron,21,PXDN,0.4788381752950845,0.19806406094739015,0.09484063353558272,FALSE,TRUE,FALSE
2,AD_ERC_darkred,Broad iron,22,ALOX5,0.5909078861594645,0.15526196717095384,0.0917455208219485,FALSE,TRUE,TRUE
2,AD_ERC_darkred,Broad iron,23,TBXAS1,0.37108938496971183,0.21722126772631317,0.08060850664289868,FALSE,TRUE,FALSE
2,AD_ERC_darkred,Broad iron,24,CYP2E1,0.19811202328576863,0.0707641025505587,0.0140192195322928,FALSE,TRUE,FALSE
3,AD_HIPPO_yellow,Core iron,1,SLC39A1,0.5959270593272485,0.4915251183844586,0.29291311838432815,FALSE,TRUE,TRUE
3,AD_HIPPO_yellow,Core iron,2,EIF2AK1,0.5265388491734219,0.5159629988954645,0.2716745636544854,FALSE,TRUE,TRUE
3,AD_HIPPO_yellow,Core iron,3,SLC48A1,0.516187884117995,0.4566711119102246,0.23572809499475092,FALSE,TRUE,TRUE
3,AD_HIPPO_yellow,Core iron,4,DNAJC24,0.4823460739165252,0.3713586355882459,0.179123379890988,FALSE,TRUE,TRUE
3,AD_HIPPO_yellow,Core iron,5,MCOLN1,0.4768984429813665,0.3601741669426173,0.17176649941704494,FALSE,TRUE,TRUE
3,AD_HIPPO_yellow,Core iron,6,GLRX3,0.47581746018984095,0.32397721879254393,0.15415401740523663,FALSE,TRUE,TRUE
3,AD_HIPPO_yellow,Core iron,7,CDO1,0.4526946189079315,0.3204112272906897,0.1450484384321814,FALSE,TRUE,TRUE
3,AD_HIPPO_yellow,Core iron,8,FTH1,0.4127085589774976,0.32849179721588295,0.1355713762648954,FALSE,TRUE,TRUE
3,AD_HIPPO_yellow,Core iron,9,TET2,0.5208413973285451,0.2522752147867873,0.13139537538090915,FALSE,TRUE,TRUE
3,AD_HIPPO_yellow,Core iron,10,ATP6V0A2,0.39160528329942534,0.31429271853188767,0.12307868907962642,FALSE,TRUE,TRUE
3,AD_HIPPO_yellow,Core iron,11,IREB2,0.4269975237669445,0.2860833203071281,0.12215686936216932,FALSE,TRUE,TRUE
3,AD_HIPPO_yellow,Core iron,12,SLC46A1,0.43662210050643463,0.23769664193979825,0.1037836070870806,FALSE,TRUE,TRUE
3,AD_HIPPO_yellow,Core iron,13,DNM2,0.39346676463411095,0.23873440317993724,0.09393405322606532,FALSE,TRUE,TRUE
3,AD_HIPPO_yellow,Core iron,14,ATP6V0D1,0.4002582312933929,0.21324004844151043,0.0853510846301164,FALSE,TRUE,TRUE
3,AD_HIPPO_yellow,Core iron,15,FBXL5,0.29841431810898117,0.23555139855301657,0.07029190997881529,FALSE,TRUE,TRUE
3,AD_HIPPO_yellow,Core iron,16,B2M,0.3161551894138008,0.17134181716315058,0.05417060465972069,FALSE,TRUE,TRUE
3,AD_HIPPO_yellow,Core iron,17,ACO2,0.40679652495360485,0.12826871438936988,0.05217926727386211,FALSE,TRUE,TRUE
3,AD_HIPPO_yellow,Core iron,18,ARHGAP1,0.3071637100874384,0.1610395103680305,0.04946549347530875,FALSE,TRUE,TRUE
3,AD_HIPPO_yellow,Core iron,19,SLC25A37,0.22008287730592344,0.1267264511198051,0.02789032199321517,FALSE,TRUE,TRUE
3,AD_HIPPO_yellow,Core iron,20,TFAP2A,0.39920913424194177,0.06497778295630613,0.02593972447894776,FALSE,TRUE,TRUE
3,AD_HIPPO_yellow,Core iron,21,BCL2,0.1401052753664952,0.14501028415627648,0.02031670579268883,FALSE,TRUE,TRUE
3,AD_HIPPO_yellow,Core iron,22,NDUFS4,0.19724111736834313,0.06521516123989544,0.01286311127231363,FALSE,TRUE,TRUE
4,FTLD1_red,Copper,1,DAXX,0.899557539787704,0.792630681671191,0.7130169059643874,TRUE,FALSE,FALSE
4,FTLD1_red,Copper,2,PARK7,0.804849369495488,0.675152928924468,0.5433964091578901,TRUE,FALSE,FALSE
4,FTLD1_red,Copper,3,MUC2,0.866838321463507,0.480135708640093,0.41620003175226966,TRUE,FALSE,FALSE
4,FTLD1_red,Copper,4,S100A13,0.776720717814817,0.467566747389789,0.3631687796589361,TRUE,FALSE,FALSE
4,FTLD1_red,Copper,5,COMMD1,0.898627073357528,0.378827363407371,0.3404245248865145,TRUE,FALSE,FALSE
4,FTLD1_red,Copper,6,COX19,0.49759451957705,0.580853972024588,0.2890297531539961,TRUE,FALSE,FALSE
4,FTLD1_red,Copper,7,TP53,0.603403689821486,0.324904424615777,0.19604852865248668,TRUE,FALSE,FALSE
5,FTLD2_darkmagenta,Broad and core iron,1,MYC,0.723993710804505,0.680607047786348,0.4927552221265371,FALSE,TRUE,TRUE
5,FTLD2_darkmagenta,Broad and core iron,2,NEO1,0.6814240178809506,0.7022865742228666,0.47855493911079416,FALSE,TRUE,TRUE
5,FTLD2_darkmagenta,Broad and core iron,3,BMP6,0.6285132595411433,0.4599002683237342,0.2890534167079966,FALSE,TRUE,TRUE
5,FTLD2_darkmagenta,Broad and core iron,4,HIF1A,0.6138038197739566,0.4528889068353512,0.2779849409487901,FALSE,TRUE,TRUE
5,FTLD2_darkmagenta,Broad and core iron,5,ATP6V0D1,0.5867294824847115,0.4693848915211538,0.27540195448834903,FALSE,TRUE,TRUE
5,FTLD2_darkmagenta,Broad and core iron,6,ARHGAP1,0.8299688457901404,0.28295160666755115,0.2348410184003332,FALSE,TRUE,TRUE
5,FTLD2_darkmagenta,Broad and core iron,7,NDUFS8,0.8760165209422279,0.2420576812066816,0.2120465277580201,FALSE,TRUE,TRUE
5,FTLD2_darkmagenta,Broad and core iron,8,TET2,0.6190197939834761,0.32098022787575503,0.19869311453241909,FALSE,TRUE,TRUE
5,FTLD2_darkmagenta,Broad and core iron,9,SLC39A1,0.4556371865651545,0.3778003336420551,0.17213988110404269,FALSE,TRUE,TRUE
5,FTLD2_darkmagenta,Broad and core iron,10,SLC46A1,0.5607675094323377,0.2962442728376626,0.16612416306276998,FALSE,TRUE,TRUE
5,FTLD2_darkmagenta,Broad and core iron,11,LMTK2,0.40881819190435587,0.3882428701486016,0.1587207481939089,FALSE,TRUE,TRUE
5,FTLD2_darkmagenta,Broad and core iron,12,DGCR8,0.4680726063200467,0.3181259727702035,0.14890605321264935,FALSE,TRUE,FALSE
5,FTLD2_darkmagenta,Broad and core iron,13,DNAJC24,0.5945980744045767,0.23137385831350343,0.1375744506207665,FALSE,TRUE,TRUE
5,FTLD2_darkmagenta,Broad and core iron,14,ETHE1,0.4883761503262764,0.2343298186390011,0.11444109473356988,FALSE,TRUE,TRUE
5,FTLD2_darkmagenta,Broad and core iron,15,BCL2,0.4245091594264767,0.26533706599243384,0.11263801484913567,FALSE,TRUE,TRUE
5,FTLD2_darkmagenta,Broad and core iron,16,PXDN,0.4553649838980314,0.2432081022972465,0.1107484535864564,FALSE,TRUE,FALSE
5,FTLD2_darkmagenta,Broad and core iron,17,STC2,0.33940354184415333,0.3011887683880354,0.10222453475457756,FALSE,TRUE,FALSE
5,FTLD2_darkmagenta,Broad and core iron,18,AOX1,0.38232665289768175,0.11874660692605311,0.04539999276899456,FALSE,TRUE,TRUE
5,FTLD2_darkmagenta,Broad and core iron,19,DOHH,0.37822086337386224,0.08304886522871492,0.03141081350902408,FALSE,TRUE,TRUE
5,FTLD2_darkmagenta,Broad and core iron,20,SLC40A1,0.21651136557417036,0.09051326721644552,0.0195971510876124,FALSE,TRUE,TRUE
5,FTLD2_darkmagenta,Broad and core iron,21,HMOX2,0.3372372303721634,0.03198939552941724,0.01078801514962033,FALSE,TRUE,FALSE
6,FTLD3_black,Broad and core iron,1,FXN,0.7199758448365472,0.7816010318744101,0.5627338632488955,FALSE,TRUE,TRUE
6,FTLD3_black,Broad and core iron,2,MECR,0.7842791172147398,0.6702592854465126,0.5256703606949732,FALSE,TRUE,TRUE
6,FTLD3_black,Broad and core iron,3,PGRMC2,0.7344610204695242,0.7032872451345791,0.5165370677447434,FALSE,TRUE,FALSE
6,FTLD3_black,Broad and core iron,4,TBXAS1,0.7401707097071205,0.660787274181887,0.4890953856966409,FALSE,TRUE,FALSE
6,FTLD3_black,Broad and core iron,5,NEO1,0.698999201274162,0.6982271880667356,0.4880602467665523,FALSE,TRUE,TRUE
6,FTLD3_black,Broad and core iron,6,SLC48A1,0.7717852807430807,0.6063787905559219,0.4679942251058519,FALSE,TRUE,TRUE
6,FTLD3_black,Broad and core iron,7,NUBPL,0.7328453949035959,0.5998457744525417,0.4395942134599263,FALSE,TRUE,TRUE
6,FTLD3_black,Broad and core iron,8,KDM3A,0.6970787623249697,0.626136502294517,0.4364664580659474,FALSE,TRUE,TRUE
6,FTLD3_black,Broad and core iron,9,ACO1,0.648582357093788,0.6637884061977426,0.4305214491032607,FALSE,TRUE,TRUE
6,FTLD3_black,Broad and core iron,10,NR1D1,0.7402278892086819,0.5465925594312101,0.40460305652493567,FALSE,TRUE,FALSE
6,FTLD3_black,Broad and core iron,11,CIAPIN1,0.6657351256681607,0.6013640824086535,0.4003491929746431,FALSE,TRUE,TRUE
6,FTLD3_black,Broad and core iron,12,FECH,0.7094755910547423,0.5340581389414432,0.3789012137830761,FALSE,TRUE,FALSE
6,FTLD3_black,Broad and core iron,13,PPOX,0.684129239510741,0.5533329047870699,0.37855121934824737,FALSE,TRUE,FALSE
6,FTLD3_black,Broad and core iron,14,LYRM4,0.6658480398971165,0.4802590376467828,0.3197795388599858,FALSE,TRUE,TRUE
6,FTLD3_black,Broad and core iron,15,DNM2,0.6455402385224189,0.494499479557926,0.3192193119830356,FALSE,TRUE,TRUE
6,FTLD3_black,Broad and core iron,16,NUBP1,0.5386479606000566,0.5852332696646534,0.3152347071801685,FALSE,TRUE,TRUE
6,FTLD3_black,Broad and core iron,17,CYB5B,0.4844882482532256,0.5444993458289418,0.26380353423569125,FALSE,TRUE,FALSE
6,FTLD3_black,Broad and core iron,18,MYC,0.5911220985294613,0.433264830082526,0.2561124155773933,FALSE,TRUE,TRUE
6,FTLD3_black,Broad and core iron,19,SMAD1,0.599362554643503,0.4219877466196832,0.25292365384222854,FALSE,TRUE,TRUE
6,FTLD3_black,Broad and core iron,20,NDUFS4,0.6135573162922273,0.4012157593461243,0.24616886455855613,FALSE,TRUE,TRUE
6,FTLD3_black,Broad and core iron,21,HIF1A,0.5387908682301565,0.4563138830106496,0.245857753212782,FALSE,TRUE,TRUE
6,FTLD3_black,Broad and core iron,22,SMAD9,0.6036358873920533,0.4010948451553995,0.24211524278375784,FALSE,TRUE,TRUE
6,FTLD3_black,Broad and core iron,23,CYP27A1,0.4748218758424056,0.5025151743311747,0.2386051977152018,FALSE,TRUE,FALSE
6,FTLD3_black,Broad and core iron,24,ABCC5,0.5347413189886613,0.4379350230464913,0.23418195185521057,FALSE,TRUE,TRUE
6,FTLD3_black,Broad and core iron,25,CYP2E1,0.4670740181183168,0.49727174297761473,0.2322627110892534,FALSE,TRUE,FALSE
6,FTLD3_black,Broad and core iron,26,SLC25A39,0.5617336944501242,0.4070573403256021,0.22865782363414197,FALSE,TRUE,TRUE
6,FTLD3_black,Broad and core iron,27,ATP6V0D1,0.5163130041301531,0.4419998464574973,0.22821026854953683,FALSE,TRUE,TRUE
6,FTLD3_black,Broad and core iron,28,NDUFS8,0.5682181000114332,0.3917223454679872,0.222583726873842,FALSE,TRUE,TRUE
6,FTLD3_black,Broad and core iron,29,STC2,0.4643546154110157,0.47780432808053286,0.22187064500755457,FALSE,TRUE,FALSE
6,FTLD3_black,Broad and core iron,30,BCL2,0.5900619314476115,0.3695117355331388,0.21803480836124292,FALSE,TRUE,TRUE
6,FTLD3_black,Broad and core iron,31,TET1,0.5293254257322686,0.3903036983005783,0.20659767126783257,FALSE,TRUE,TRUE
6,FTLD3_black,Broad and core iron,32,GLRX5,0.5514364994600789,0.3660023764092693,0.2018270692411976,FALSE,TRUE,TRUE
6,FTLD3_black,Broad and core iron,33,SLC39A1,0.565550297004547,0.35516528575525214,0.20086383284458764,FALSE,TRUE,TRUE
6,FTLD3_black,Broad and core iron,34,ABCB6,0.5956210829821509,0.33719678497153854,0.20084151424284724,FALSE,TRUE,TRUE
6,FTLD3_black,Broad and core iron,35,KCNH7,0.4827656388350984,0.40484419957276113,0.1954448686354281,FALSE,TRUE,FALSE
6,FTLD3_black,Broad and core iron,36,CYP51A1,0.5283926834730086,0.3578478645262314,0.18908419341210103,FALSE,TRUE,FALSE
6,FTLD3_black,Broad and core iron,37,FTO,0.46027120537075017,0.3670271089777246,0.168932009852919,FALSE,TRUE,TRUE
6,FTLD3_black,Broad and core iron,38,FBXL5,0.5155157902493228,0.321410458436018,0.16569216647504095,FALSE,TRUE,TRUE
6,FTLD3_black,Broad and core iron,39,SNCA,0.5184829931336781,0.3173550436397484,0.1645431929124058,TRUE,TRUE,TRUE
6,FTLD3_black,Broad and core iron,40,ATP13A2,0.5708478725699242,0.28788931572432486,0.16434100341684207,FALSE,TRUE,TRUE
6,FTLD3_black,Broad and core iron,41,NDFIP1,0.4838404542761427,0.3352277084754876,0.16219672675473026,FALSE,TRUE,TRUE
6,FTLD3_black,Broad and core iron,42,HEPHL1,0.38582589946383106,0.41264760450045385,0.15921013316798285,TRUE,TRUE,TRUE
6,FTLD3_black,Broad and core iron,43,SCD,0.5646879760289265,0.2780521469416876,0.15701270408699924,FALSE,TRUE,TRUE
6,FTLD3_black,Broad and core iron,44,SLC46A1,0.4487428578751985,0.2888191362333833,0.12960552460241473,FALSE,TRUE,TRUE
6,FTLD3_black,Broad and core iron,45,NFU1,0.4955855889971161,0.25988653903417436,0.12879602351967329,FALSE,TRUE,TRUE
6,FTLD3_black,Broad and core iron,46,EIF2AK1,0.4776922971842469,0.2614717041078986,0.12490301898398176,FALSE,TRUE,TRUE
6,FTLD3_black,Broad and core iron,47,LMTK2,0.4774422216848932,0.25190900874976796,0.12027199679992842,FALSE,TRUE,TRUE
6,FTLD3_black,Broad and core iron,48,SLC25A37,0.4895934336794927,0.23905082701457803,0.1170377152219897,FALSE,TRUE,TRUE
6,FTLD3_black,Broad and core iron,49,PHYH,0.46654119311616926,0.25062245118863224,0.11692569739924338,FALSE,TRUE,TRUE
6,FTLD3_black,Broad and core iron,50,FTH1,0.39416688202718553,0.2833973875757179,0.11170586463537058,FALSE,TRUE,TRUE
6,FTLD3_black,Broad and core iron,51,BMP2,0.3699729559976683,0.27785705072206224,0.10279959440043542,FALSE,TRUE,TRUE
6,FTLD3_black,Broad and core iron,52,CAT,0.31199295035898483,0.2979937986978077,0.09297196444441044,FALSE,TRUE,FALSE
6,FTLD3_black,Broad and core iron,53,PXDN,0.453278494644679,0.2035913993949831,0.09228360304036155,FALSE,TRUE,FALSE
6,FTLD3_black,Broad and core iron,54,IREB2,0.363246628733241,0.22667762005026929,0.08233988129253482,FALSE,TRUE,TRUE
6,FTLD3_black,Broad and core iron,55,DUOX1,0.3244092610534868,0.20745302725552797,0.06729968327527468,FALSE,TRUE,FALSE
6,FTLD3_black,Broad and core iron,56,HMBS,0.38666310911098306,0.16322382369601876,0.06311263115128557,FALSE,TRUE,FALSE
6,FTLD3_black,Broad and core iron,57,DOHH,0.34375182206787686,0.17593346087800665,0.06047744773952231,FALSE,TRUE,TRUE
6,FTLD3_black,Broad and core iron,58,ATP6V1G1,0.3249661360286288,0.18205142670643568,0.05916054869528952,FALSE,TRUE,TRUE
6,FTLD3_black,Broad and core iron,59,ATP6V0A2,0.32135460505841207,0.16922556795645174,0.05438141555643102,FALSE,TRUE,TRUE
6,FTLD3_black,Broad and core iron,60,BMP6,0.2267293303626219,0.21144007174542936,0.04793966587866593,FALSE,TRUE,TRUE
6,FTLD3_black,Broad and core iron,61,CPOX,0.18881435501488997,0.11671239362055565,0.02203697532370917,FALSE,TRUE,FALSE
6,FTLD3_black,Broad and core iron,62,ALOX5,0.18218051540682473,0.11099221124362432,0.02022061825050664,FALSE,TRUE,TRUE
6,FTLD3_black,Broad and core iron,63,ALKBH3,0.1681917566141059,0.07769396237842735,0.01306748401073795,FALSE,TRUE,TRUE
7,FTLD3_turquoise,Broad and core iron,1,EGLN2,0.6534635890267418,0.3271972906166535,0.21381151584618427,FALSE,TRUE,TRUE
7,FTLD3_turquoise,Broad and core iron,2,SLC39A8,0.5686218082425093,0.3625985493103013,0.2061814427749342,FALSE,TRUE,TRUE
7,FTLD3_turquoise,Broad and core iron,3,BCL2,0.5895150605910938,0.3208943137166648,0.18917203079401712,FALSE,TRUE,TRUE
7,FTLD3_turquoise,Broad and core iron,4,NFU1,0.543980074584106,0.33679704387269976,0.18321088104557764,FALSE,TRUE,TRUE
7,FTLD3_turquoise,Broad and core iron,5,ATP6V1A,0.562093438504294,0.3124183140916312,0.1756082844194795,FALSE,TRUE,TRUE
7,FTLD3_turquoise,Broad and core iron,6,FTH1,0.5013392102334707,0.3303660420484841,0.16562545060854458,FALSE,TRUE,TRUE
7,FTLD3_turquoise,Broad and core iron,7,KDM3A,0.5128422238353543,0.3096990921999158,0.15882677116359523,FALSE,TRUE,TRUE
7,FTLD3_turquoise,Broad and core iron,8,ACO1,0.5096081881688845,0.29595785065020375,0.15082254404420767,FALSE,TRUE,TRUE
7,FTLD3_turquoise,Broad and core iron,9,LMTK2,0.49018069037619466,0.28530411205075634,0.13985056661220693,FALSE,TRUE,TRUE
7,FTLD3_turquoise,Broad and core iron,10,NDUFS4,0.521027569961464,0.265999470521543,0.13859305773687564,FALSE,TRUE,TRUE
7,FTLD3_turquoise,Broad and core iron,11,BMP6,0.504772144981055,0.26328273003496244,0.13289778837621605,FALSE,TRUE,TRUE
7,FTLD3_turquoise,Broad and core iron,12,ISCU,0.4440108724657561,0.29547795000951527,0.13119542237811793,FALSE,TRUE,TRUE
7,FTLD3_turquoise,Broad and core iron,13,EIF2AK1,0.4360435536407739,0.2795284142337857,0.1218865630860702,FALSE,TRUE,TRUE
7,FTLD3_turquoise,Broad and core iron,14,NDUFS3,0.4740711024154019,0.2529213195315376,0.11990268877467418,FALSE,TRUE,TRUE
7,FTLD3_turquoise,Broad and core iron,15,SLC39A1,0.4879975884155406,0.24399239752524776,0.11906770158404682,FALSE,TRUE,TRUE
7,FTLD3_turquoise,Broad and core iron,16,DNM2,0.4635941406411082,0.24276125262676615,0.11254269429246462,FALSE,TRUE,TRUE
7,FTLD3_turquoise,Broad and core iron,17,NUBPL,0.40603200674533474,0.26807323691555107,0.10884631433953874,FALSE,TRUE,TRUE
7,FTLD3_turquoise,Broad and core iron,18,DOHH,0.4440764103026159,0.2423350728299444,0.10761528923274467,FALSE,TRUE,TRUE
7,FTLD3_turquoise,Broad and core iron,19,SLC11A2,0.431857619849043,0.24721907938742463,0.1067634432055248,TRUE,TRUE,TRUE
7,FTLD3_turquoise,Broad and core iron,20,COX10,0.4199650228639128,0.2522754294436626,0.10594685649431118,FALSE,TRUE,FALSE
7,FTLD3_turquoise,Broad and core iron,21,ACO2,0.5319849879896051,0.1838070955961389,0.09778261554311614,FALSE,TRUE,TRUE
7,FTLD3_turquoise,Broad and core iron,22,DNAJC24,0.4689335424675739,0.20636561943900575,0.09677176096704822,FALSE,TRUE,TRUE
7,FTLD3_turquoise,Broad and core iron,23,GLRX3,0.4502834080326792,0.2147198184103408,0.09668477160596628,FALSE,TRUE,TRUE
7,FTLD3_turquoise,Broad and core iron,24,SMAD1,0.5630079530968117,0.1532365002561757,0.08627336834894854,FALSE,TRUE,TRUE
7,FTLD3_turquoise,Broad and core iron,25,NDUFAB1,0.3788795340535734,0.22232584362012608,0.08423471203886099,FALSE,TRUE,TRUE
7,FTLD3_turquoise,Broad and core iron,26,CYB5B,0.4273090543780616,0.17970310579187018,0.07678876420472482,FALSE,TRUE,FALSE
7,FTLD3_turquoise,Broad and core iron,27,ALKBH2,0.35191219207342134,0.1976825275896187,0.06956689161867731,FALSE,TRUE,TRUE
7,FTLD3_turquoise,Broad and core iron,28,MYC,0.44365104970312697,0.1559888919786089,0.06920463566833752,FALSE,TRUE,TRUE
7,FTLD3_turquoise,Broad and core iron,29,PICALM,0.3572288427448025,0.18580274293665397,0.06637409883807092,FALSE,TRUE,TRUE
7,FTLD3_turquoise,Broad and core iron,30,FTO,0.3982091501854055,0.16502125810713705,0.06571297495336949,FALSE,TRUE,TRUE
7,FTLD3_turquoise,Broad and core iron,31,EGLN1,0.39974786119588607,0.1602533585972193,0.06406093734869577,FALSE,TRUE,TRUE
7,FTLD3_turquoise,Broad and core iron,32,SNCA,0.5163798441378442,0.11513847372414568,0.05945518711594361,TRUE,TRUE,TRUE
7,FTLD3_turquoise,Broad and core iron,33,NDUFS8,0.4158651207295407,0.13053844418459398,0.05428638585067259,FALSE,TRUE,TRUE
7,FTLD3_turquoise,Broad and core iron,34,TFAP2A,0.31148451853290965,0.1723209372216205,0.05367530416361621,FALSE,TRUE,TRUE
7,FTLD3_turquoise,Broad and core iron,35,CLTC,0.4958562594426153,0.10820339871250186,0.05365333254455907,FALSE,TRUE,TRUE
7,FTLD3_turquoise,Broad and core iron,36,PPOX,0.308544472052438,0.13874492750799883,0.04280898040790928,FALSE,TRUE,FALSE
7,FTLD3_turquoise,Broad and core iron,37,ADO,0.4522384602565877,0.09460835558180188,0.04278553705572183,FALSE,TRUE,TRUE
7,FTLD3_turquoise,Broad and core iron,38,FECH,0.4694090272861523,0.08469971418782814,0.03975881044832352,FALSE,TRUE,FALSE
7,FTLD3_turquoise,Broad and core iron,39,PGRMC2,0.5263437098926025,0.07242073974768264,0.03811820083196193,FALSE,TRUE,FALSE
7,FTLD3_turquoise,Broad and core iron,40,PPP1CA,0.4405955091536461,0.08338680947691363,0.03673985377817884,FALSE,TRUE,TRUE
7,FTLD3_turquoise,Broad and core iron,41,CYP2R1,0.36912429851139805,0.09689754127139448,0.03576723694928272,FALSE,TRUE,TRUE
7,FTLD3_turquoise,Broad and core iron,42,NR1D1,0.42220493562081984,0.08366387890226352,0.03532330260571824,FALSE,TRUE,FALSE
7,FTLD3_turquoise,Broad and core iron,43,DGCR8,0.37874407947192706,0.08275936621441926,0.03134461997456032,FALSE,TRUE,FALSE
7,FTLD3_turquoise,Broad and core iron,44,ABCB6,0.3813487353754994,0.0748666651622808,0.02855030808141674,FALSE,TRUE,TRUE
7,FTLD3_turquoise,Broad and core iron,45,DUOX1,0.3562508035777921,0.0788314405734505,0.0280837640514867,FALSE,TRUE,FALSE
7,FTLD3_turquoise,Broad and core iron,46,SLC25A39,0.33189585721272885,0.08140076474451362,0.02701657659265202,FALSE,TRUE,TRUE
7,FTLD3_turquoise,Broad and core iron,47,HMOX2,0.4141591541715287,0.06400873711723559,0.02650980442406202,FALSE,TRUE,FALSE
7,FTLD3_turquoise,Broad and core iron,48,MCOLN1,0.4827848888340264,0.04939228347422708,0.02384584808636344,FALSE,TRUE,TRUE
7,FTLD3_turquoise,Broad and core iron,49,ATP6V0A2,0.3926760673545889,0.06062543754675683,0.02380615839751171,FALSE,TRUE,TRUE
7,FTLD3_turquoise,Broad and core iron,50,CYP51A1,0.30644299131076225,0.07341278708008658,0.02249683407328181,FALSE,TRUE,FALSE
7,FTLD3_turquoise,Broad and core iron,51,SLC40A1,0.4484431968407429,0.04896147492767967,0.02195644033860655,FALSE,TRUE,TRUE
7,FTLD3_turquoise,Broad and core iron,52,NUBP1,0.47872961766582905,0.04359425908309779,0.0208698629832765,FALSE,TRUE,TRUE
7,FTLD3_turquoise,Broad and core iron,53,COX15,0.484374005631828,0.03781242445572619,0.01831535549627098,FALSE,TRUE,FALSE
7,FTLD3_turquoise,Broad and core iron,54,SLC39A14,0.409296772197428,0.03944646989170274,0.01614531280125696,FALSE,TRUE,TRUE
7,FTLD3_turquoise,Broad and core iron,55,B2M,0.2823174434912895,0.04914492968359167,0.01387447090883078,FALSE,TRUE,TRUE
7,FTLD3_turquoise,Broad and core iron,56,CBS,0.513104335235505,0.02370645268616596,0.01216388364632713,FALSE,TRUE,FALSE
7,FTLD3_turquoise,Broad and core iron,57,GLRX5,0.14390050102068125,0.08216112619057563,0.01182302722324724,FALSE,TRUE,TRUE
7,FTLD3_turquoise,Broad and core iron,58,NDUFS7,0.29985775735754683,0.03509380573398134,0.01052314988453306,FALSE,TRUE,TRUE
7,FTLD3_turquoise,Broad and core iron,59,SRC,0.2286789658703541,0.03778802679241472,0.00864132688917063,FALSE,TRUE,FALSE
7,FTLD3_turquoise,Broad and core iron,60,PXDN,0.12019209696385214,0.06702609900771575,0.00805600739104412,FALSE,TRUE,FALSE
7,FTLD3_turquoise,Broad and core iron,61,MMS19,0.2302492548657326,0.02390985463473557,0.00550522621359584,FALSE,TRUE,TRUE
7,FTLD3_turquoise,Broad and core iron,62,CAT,0.22662816688251325,0.02252181076502746,0.00510407668855302,FALSE,TRUE,FALSE
7,FTLD3_turquoise,Broad and core iron,63,KCNH7,0.33794484491222815,0.00885227091989626,0.00299157932314537,FALSE,TRUE,FALSE
7,FTLD3_turquoise,Broad and core iron,64,CIAPIN1,0.4300781521194262,0.00578383520344904,0.00248750115646265,FALSE,TRUE,TRUE
8,MSA_violet,Core iron,1,TFRC,0.8057518164276632,0.6116873751072436,0.49286821357853094,FALSE,TRUE,TRUE
8,MSA_violet,Core iron,2,TET2,0.9427334885557028,0.3394375922666049,0.3199991855044447,FALSE,TRUE,TRUE
8,MSA_violet,Core iron,3,BCL2,0.7440402321568736,0.4230624669296936,0.3147754961112289,FALSE,TRUE,TRUE
8,MSA_violet,Core iron,4,DNAJC24,0.8393945170127356,0.33222775145059846,0.27887015296710227,FALSE,TRUE,TRUE
8,MSA_violet,Core iron,5,NEO1,0.5109140698297978,0.4489565935932567,0.2293782404096533,FALSE,TRUE,TRUE
8,MSA_violet,Core iron,6,GLRX3,0.4399518168739135,0.5136738806996747,0.22599175709449576,FALSE,TRUE,TRUE
8,MSA_violet,Core iron,7,PICALM,0.46284433817026105,0.46808106393097576,0.21664867024516413,FALSE,TRUE,TRUE
8,MSA_violet,Core iron,8,ISCA1,0.5455215782133274,0.34570263426648423,0.1885882466375572,FALSE,TRUE,TRUE
8,MSA_violet,Core iron,9,MECR,0.8152044314809583,0.20333053754499864,0.16575595526208828,FALSE,TRUE,TRUE
8,MSA_violet,Core iron,10,ATP6V1A,0.4916326870320408,0.27189500924360044,0.13367247398503287,FALSE,TRUE,TRUE
8,MSA_violet,Core iron,11,CLTC,0.6663011633185637,0.15153390227894065,0.10096721537065972,FALSE,TRUE,TRUE
8,MSA_violet,Core iron,12,ACO1,0.35996642579930965,0.21013995324207743,0.07564332788618468,FALSE,TRUE,TRUE
8,MSA_violet,Core iron,13,NUBPL,0.5526384709404576,0.10056941731233957,0.05557852900686412,FALSE,TRUE,TRUE
8,MSA_violet,Core iron,14,MYC,0.5532890211898108,0.0846352008491111,0.04682772743600772,FALSE,TRUE,TRUE
8,MSA_violet,Core iron,15,TET1,0.6857377462884388,0.06718795302391406,0.04607331548435232,FALSE,TRUE,TRUE
8,MSA_violet,Core iron,16,BMP6,0.5172905190023238,0.08179297034041855,0.04231072807813679,FALSE,TRUE,TRUE
9,PSP_pink,Core iron,1,NFU1,0.6637874650149298,0.6533875026011148,0.4337104340240298,FALSE,TRUE,TRUE
9,PSP_pink,Core iron,2,CYBRD1,0.4641295980741189,0.541627048026935,0.25138514410681284,FALSE,TRUE,TRUE
9,PSP_pink,Core iron,3,BCL2,0.6883690704233791,0.35333612628537053,0.2432256607980582,FALSE,TRUE,TRUE
9,PSP_pink,Core iron,4,FTH1,0.4640847529520139,0.5063677063005404,0.23499753188136424,FALSE,TRUE,TRUE
9,PSP_pink,Core iron,5,ADO,0.4891956047339669,0.35438084273548315,0.17336155066811748,FALSE,TRUE,TRUE
9,PSP_pink,Core iron,6,FTO,0.2791176754105811,0.6120164874093432,0.17082461927864503,FALSE,TRUE,TRUE
9,PSP_pink,Core iron,7,NDUFS3,0.6141154658602013,0.26838220495068116,0.16481766282187557,FALSE,TRUE,TRUE
9,PSP_pink,Core iron,8,ATP6V1A,0.4049508268688926,0.379872523968984,0.1538296926860133,FALSE,TRUE,TRUE
9,PSP_pink,Core iron,9,SLC39A8,0.6792241658439143,0.2193255999131612,0.148971247649233,FALSE,TRUE,TRUE
9,PSP_pink,Core iron,10,HFE,0.5074327320538263,0.239380982989848,0.1214697462002691,FALSE,TRUE,TRUE
9,PSP_pink,Core iron,11,B2M,0.4492261392190511,0.1777231110090429,0.07983786700859118,FALSE,TRUE,TRUE
9,PSP_pink,Core iron,12,NDUFS2,0.4483133754501774,0.15840815451708823,0.07101649445038909,FALSE,TRUE,TRUE
9,PSP_pink,Core iron,13,CP,0.3019421720758847,0.22196145254992056,0.06701952310004143,TRUE,TRUE,TRUE
9,PSP_pink,Core iron,14,LYRM4,0.34025846140351707,0.15467761339871977,0.05263036674861642,FALSE,TRUE,TRUE
9,PSP_pink,Core iron,15,SNCA,0.3614487087703098,0.07148842104000623,0.0258393974769385,TRUE,TRUE,TRUE
9,PSP_pink,Core iron,16,ALOX5,0.4554339771182931,0.03622087740561652,0.01649621825155405,FALSE,TRUE,TRUE
9,PSP_pink,Core iron,17,TMPRSS6,0.249969742256261,0.04171010604352768,0.01042626445718192,FALSE,TRUE,TRUE
9,PSP_pink,Core iron,18,NUBP1,0.4416594858788824,0.01676609302550109,0.00740490402584033,FALSE,TRUE,TRUE
