network_id,module,gene_set,overlap,module_size,network_background_size,available_gene_set_size,odds_ratio,p_value,FDR
AD_DLPFC,greenyellow,Broad iron,24,1966,14798,134,1.429260920274206,0.12380080831345476,0.9822816196261065
AD_DLPFC,tan,Broad iron,17,1454,14798,134,1.3373856420057244,0.2449147894589139,0.9822816196261065
AD_DLPFC,lightcyan,Broad iron,15,1268,14798,134,1.3490950639136545,0.2759557750563423,0.9822816196261065
AD_DLPFC,cyan,Broad iron,21,1905,14798,134,1.2606166908801857,0.36287833373506795,0.9822816196261065
AD_DLPFC,pink,Broad iron,38,4724,14798,134,0.842876489478448,0.40315651343214837,0.9822816196261065
AD_DLPFC,red,Broad iron,12,1108,14798,134,1.217643052532922,0.5075527506043815,0.9822816196261065
AD_DLPFC,purple,Broad iron,14,1873,14798,134,0.8036241912394926,0.5146896571769484,0.9822816196261065
AD_DLPFC,blue,Broad iron,59,6090,14798,134,1.1260529071474665,0.5372569504112679,0.9822816196261065
AD_DLPFC,green,Broad iron,20,2513,14798,134,0.8565123450159641,0.6434513574270424,0.9822816196261065
AD_DLPFC,black,Broad iron,17,2098,14798,134,0.878597986961591,0.7094418831939463,0.9822816196261065
AD_DLPFC,magenta,Broad iron,29,3066,14798,134,1.0573845673784352,0.7492060172547222,0.9822816196261065
AD_DLPFC,yellow,Broad iron,16,1688,14798,134,1.053615115390617,0.785565771635135,0.9822816196261065
AD_DLPFC,midnightblue,Broad iron,19,1974,14798,134,1.0740554176034878,0.7981038159462115,0.9822816196261065
AD_DLPFC,salmon,Broad iron,17,2008,14798,134,0.9248407240048082,0.8990665960600148,0.9999999999999994
AD_DLPFC,turquoise,Broad iron,19,2111,14798,134,0.9928841813684275,0.9999999999999993,0.9999999999999994
AD_DLPFC,brown,Broad iron,16,1810,14798,134,0.9727343023469188,0.9999999999999994,0.9999999999999994
AD_DLPFC,black,Copper,9,2098,14798,31,2.482533359047209,0.03309991491242025,0.345901375090635
AD_DLPFC,blue,Copper,7,6090,14798,31,0.4164041259383163,0.043237671886329376,0.345901375090635
AD_DLPFC,greenyellow,Copper,7,1966,14798,31,1.9067258784775212,0.1770310109559292,0.9277345668544223
AD_DLPFC,lightcyan,Copper,4,1268,14798,31,1.5825558358149048,0.33461518323488887,0.9277345668544223
AD_DLPFC,turquoise,Copper,6,2111,14798,31,1.443603678385189,0.4364264950690646,0.9277345668544223
AD_DLPFC,red,Copper,3,1108,14798,31,1.3246631851083999,0.5022280993128334,0.9277345668544223
AD_DLPFC,magenta,Copper,8,3066,14798,31,1.3317882104094936,0.5050776510849455,0.9277345668544223
AD_DLPFC,tan,Copper,4,1454,14798,31,1.3605754419771494,0.5404500666381516,0.9277345668544223
AD_DLPFC,cyan,Copper,5,1905,14798,31,1.3023003403669995,0.5881028486171088,0.9277345668544223
AD_DLPFC,salmon,Copper,5,2008,14798,31,1.2254459555956583,0.6024290446457637,0.9277345668544223
AD_DLPFC,green,Copper,6,2513,14798,31,1.1736286617661356,0.6378175147124153,0.9277345668544223
AD_DLPFC,brown,Copper,4,1810,14798,31,1.063218534077299,0.7867234346926905,1
AD_DLPFC,pink,Copper,9,4724,14798,31,0.8721624516719922,0.8481488645134547,1
AD_DLPFC,midnightblue,Copper,4,1974,14798,31,0.9623605658349849,0.9999999999999998,1
AD_DLPFC,yellow,Copper,3,1688,14798,31,0.8318744424471215,0.9999999999999999,1
AD_DLPFC,purple,Copper,4,1873,14798,31,1.0223739800785998,1.0000000000000002,1
AD_DLPFC,pink,Core iron,20,4724,14798,90,0.6076473105077763,0.05337386748812997,0.6723271811181015
AD_DLPFC,greenyellow,Core iron,18,1966,14798,90,1.6375046460488647,0.08404089763976269,0.6723271811181015
AD_DLPFC,brown,Core iron,14,1810,14798,90,1.324315950257512,0.33184873303681717,0.9243442742085805
AD_DLPFC,purple,Core iron,8,1873,14798,90,0.6718528711917602,0.3409317092249277,0.9243442742085805
AD_DLPFC,blue,Core iron,41,6090,14798,90,1.1977446742104871,0.3926031092100921,0.9243442742085805
AD_DLPFC,tan,Core iron,11,1454,14798,90,1.279965173567012,0.4744782389486312,0.9243442742085805
AD_DLPFC,magenta,Core iron,21,3066,14798,90,1.1657406473303227,0.5158982794361332,0.9243442742085805
AD_DLPFC,midnightblue,Core iron,14,1974,14798,90,1.1980948450116176,0.5330579173848017,0.9243442742085805
AD_DLPFC,lightcyan,Core iron,9,1268,14798,90,1.1869051744042984,0.5711706060195049,0.9243442742085805
AD_DLPFC,yellow,Core iron,8,1688,14798,90,0.7565757217921062,0.616305145552412,0.9243442742085805
AD_DLPFC,cyan,Core iron,13,1905,14798,90,1.1435923885925237,0.6354866885183991,0.9243442742085805
AD_DLPFC,green,Core iron,16,2513,14798,90,1.057361550187295,0.7796624779830948,0.9395014762237327
AD_DLPFC,salmon,Core iron,11,2008,14798,90,0.8862507257001544,0.8770630296945552,0.9395014762237327
AD_DLPFC,black,Core iron,13,2098,14798,90,1.022137873297468,0.8800885466927977,0.9395014762237327
AD_DLPFC,turquoise,Core iron,13,2111,14798,90,1.0147574504078158,0.8807826339597494,0.9395014762237327
AD_DLPFC,red,Core iron,6,1108,14798,90,0.8819047236170402,1.0000000000000002,1
AD_ERC,brown,Broad iron,20,1224,14429,126,2.052618519685352,0.005691697320252451,0.14229243300631128
AD_ERC,darkred,Broad iron,24,1823,14429,126,1.6353441680243133,0.041781869609253404,0.46743029975100114
AD_ERC,darkturquoise,Broad iron,26,2092,14429,126,1.5399321211851682,0.05609163597012013,0.46743029975100114
AD_ERC,royalblue,Broad iron,28,2516,14429,126,1.3567654696037295,0.15727273969819322,0.9311872090122365
AD_ERC,black,Broad iron,19,1623,14429,126,1.4057938550065467,0.2000686044082893,0.9311872090122365
AD_ERC,salmon,Broad iron,22,3157,14429,126,0.753594675759422,0.2785628876286378,0.9311872090122365
AD_ERC,lightyellow,Broad iron,21,1977,14429,126,1.2624460591162723,0.36090577787691247,0.9311872090122365
AD_ERC,blue,Broad iron,22,2140,14429,126,1.2169616261187175,0.37972354478853837,0.9311872090122365
AD_ERC,red,Broad iron,8,1242,14429,126,0.7180591897989362,0.4277978110608153,0.9311872090122365
AD_ERC,magenta,Broad iron,10,916,14429,126,1.2747139550719033,0.4596552794548155,0.9311872090122365
AD_ERC,lightcyan,Broad iron,10,939,14429,126,1.241023443598315,0.4678176835782144,0.9311872090122365
AD_ERC,tan,Broad iron,6,1004,14429,126,0.6665762892428505,0.47872120177525834,0.9311872090122365
AD_ERC,turquoise,Broad iron,19,2599,14429,126,0.8068549201775159,0.48421734868636296,0.9311872090122365
AD_ERC,grey60,Broad iron,16,1675,14429,126,1.1085355582619463,0.6750811318395724,0.9999999999999998
AD_ERC,orange,Broad iron,13,1733,14429,126,0.8416624241601495,0.6793523548248026,0.9999999999999998
AD_ERC,lightgreen,Broad iron,7,1015,14429,126,0.7758503581801633,0.7246707991446758,0.9999999999999998
AD_ERC,yellow,Broad iron,12,1290,14429,126,1.0728343458599365,0.7542899548415202,0.9999999999999998
AD_ERC,green,Broad iron,11,1433,14429,126,0.866444833603916,0.7653007572478376,0.9999999999999998
AD_ERC,midnightblue,Broad iron,7,962,14429,126,0.8221762139533562,0.8566699334199942,0.9999999999999998
AD_ERC,darkgrey,Broad iron,14,1539,14429,126,1.0473857458992202,0.8843717696097441,0.9999999999999998
AD_ERC,pink,Broad iron,17,1923,14429,126,1.0144161520240205,0.8956999606884118,0.9999999999999998
AD_ERC,greenyellow,Broad iron,7,863,14429,126,0.9240689130874117,0.9999999999999996,0.9999999999999998
AD_ERC,cyan,Broad iron,16,1822,14429,126,1.0065033612747927,0.9999999999999997,0.9999999999999998
AD_ERC,darkgreen,Broad iron,12,1419,14429,126,0.9648011316324874,0.9999999999999997,0.9999999999999998
AD_ERC,purple,Broad iron,8,931,14429,126,0.9827948389612781,0.9999999999999998,0.9999999999999998
AD_ERC,greenyellow,Copper,6,863,14429,32,3.645405211666969,0.010696350767696199,0.26740876919240497
AD_ERC,lightcyan,Copper,4,939,14429,32,2.0566983215861465,0.15188593376199938,0.8908978141931057
AD_ERC,darkgreen,Copper,5,1419,14429,32,1.7002412121951258,0.23797320324151647,0.8908978141931057
AD_ERC,green,Copper,5,1433,14429,32,1.6817576676315076,0.24236014550986976,0.8908978141931057
AD_ERC,turquoise,Copper,3,2599,14429,32,0.47028346508467694,0.25409315491984835,0.8908978141931057
AD_ERC,grey60,Copper,6,1675,14429,32,1.7597857842968327,0.25998633425905937,0.8908978141931057
AD_ERC,cyan,Copper,6,1822,14429,32,1.5986662648159198,0.2848760545732501,0.8908978141931057
AD_ERC,darkred,Copper,6,1823,14429,32,1.5976594806538598,0.2850873005417938,0.8908978141931057
AD_ERC,yellow,Copper,1,1290,14429,32,0.32805246946229677,0.35940139164114,0.9983371990031666
AD_ERC,darkturquoise,Copper,6,2092,14429,32,1.3619017899276473,0.45289766127355857,1
AD_ERC,tan,Copper,3,1004,14429,32,1.3843622873881163,0.4858006757634629,1
AD_ERC,orange,Copper,5,1733,14429,32,1.3576671875507202,0.5813790601156166,1
AD_ERC,blue,Copper,3,2140,14429,32,0.5935035185393095,0.6159312984998789,1
AD_ERC,royalblue,Copper,4,2516,14429,32,0.6759170118085173,0.6409602882058987,1
AD_ERC,midnightblue,Copper,1,962,14429,32,0.4510265043065088,0.7214854846016876,1
AD_ERC,brown,Copper,3,1224,14429,32,1.1163028623799942,0.7500202281534668,1
AD_ERC,black,Copper,4,1623,14429,32,1.12747287125057,0.7780644816076415,1
AD_ERC,pink,Copper,3,1923,14429,32,0.6722687287542327,0.7930140806575757,1
AD_ERC,magenta,Copper,2,916,14429,32,0.9834437998890215,0.9999999999999997,1
AD_ERC,lightgreen,Copper,2,1015,14429,32,0.8808192357533601,0.9999999999999998,1
AD_ERC,lightyellow,Copper,4,1977,14429,32,0.8995566945605608,0.9999999999999999,1
AD_ERC,purple,Copper,2,931,14429,32,0.9664892107255341,1,1
AD_ERC,red,Copper,2,1242,14429,32,0.7074104326823693,1,1
AD_ERC,darkgrey,Copper,3,1539,14429,32,0.8661677810635099,1.0000000000000002,1
AD_ERC,salmon,Copper,7,3157,14429,32,0.9997310934468535,1.0000000000000004,1
AD_ERC,darkturquoise,Core iron,20,2092,14429,88,1.7414838925969267,0.03331380790952244,0.7514952521895388
AD_ERC,royalblue,Core iron,22,2516,14429,88,1.583338957839161,0.06678432914336573,0.7514952521895388
AD_ERC,green,Core iron,4,1433,14429,88,0.43028880282921916,0.1059017943834602,0.7514952521895388
AD_ERC,magenta,Core iron,9,916,14429,88,1.6872977945265009,0.126862971502617,0.7514952521895388
AD_ERC,brown,Core iron,11,1224,14429,88,1.5460345784940264,0.1769424419251563,0.7514952521895388
AD_ERC,orange,Core iron,6,1733,14429,88,0.5344576217009397,0.18521101509082583,0.7514952521895388
AD_ERC,turquoise,Core iron,11,2599,14429,88,0.6487839149904739,0.21041867061307087,0.7514952521895388
AD_ERC,darkred,Core iron,14,1823,14429,88,1.3105947522851515,0.3349255797579541,1
AD_ERC,salmon,Core iron,16,3157,14429,88,0.7924024420536065,0.44049747005081635,1
AD_ERC,red,Core iron,5,1242,14429,88,0.6381896967502646,0.4442093875781321,1
AD_ERC,lightcyan,Core iron,7,939,14429,88,1.243328207104566,0.5153849013828022,1
AD_ERC,lightgreen,Core iron,4,1015,14429,88,0.6278478576692818,0.5274555546304216,1
AD_ERC,lightyellow,Core iron,14,1977,14429,88,1.1929332068899356,0.5335835306369846,1
AD_ERC,pink,Core iron,13,1923,14429,88,1.1280789160658262,0.6382472776321929,1
AD_ERC,midnightblue,Core iron,4,962,14429,88,0.6652222629446083,0.6648842259989097,1
AD_ERC,cyan,Core iron,12,1822,14429,88,1.093162645060455,0.7473584216452575,1
AD_ERC,blue,Core iron,14,2140,14429,88,1.0870102540323505,0.7633412506558549,1
AD_ERC,greenyellow,Core iron,4,863,14429,88,0.7473843036105662,0.82010034888282,1
AD_ERC,tan,Core iron,5,1004,14429,88,0.8045403330247215,0.8333405743628924,1
AD_ERC,yellow,Core iron,8,1290,14429,88,1.0186439365105533,0.8525643152647845,1
AD_ERC,darkgreen,Core iron,9,1419,14429,88,1.044797178575791,0.857283289322461,1
AD_ERC,grey60,Core iron,10,1675,14429,88,0.9760536608397739,0.9999999999999996,1
AD_ERC,black,Core iron,10,1623,14429,88,1.0116521534845229,0.9999999999999998,1
AD_ERC,darkgrey,Core iron,9,1539,14429,88,0.9539095996069132,1,1
AD_ERC,purple,Core iron,5,931,14429,88,0.8727170426932063,1.0000000000000002,1
AD_HIPPO,yellow,Broad iron,28,2433,13606,120,1.402237594644284,0.12017415481880424,0.6298166073121092
AD_HIPPO,pink,Broad iron,22,1858,13606,120,1.424412797095439,0.14109194119438168,0.6298166073121092
AD_HIPPO,green,Broad iron,13,2113,13606,120,0.6587552323334116,0.16536364624983585,0.6298166073121092
AD_HIPPO,salmon,Broad iron,20,1712,13606,120,1.3940473761249013,0.1681574613637789,0.6298166073121092
AD_HIPPO,midnightblue,Broad iron,31,2825,13606,120,1.3328894026260987,0.174949057586697,0.6298166073121092
AD_HIPPO,greenyellow,Broad iron,19,2747,13606,120,0.7418740583905348,0.25484526213296443,0.6584896519058788
AD_HIPPO,cyan,Broad iron,15,1306,13606,120,1.3494137691231025,0.27469667563151984,0.6584896519058788
AD_HIPPO,turquoise,Broad iron,25,2348,13606,120,1.2645612163856716,0.33062735328516196,0.6584896519058788
AD_HIPPO,magenta,Broad iron,14,1258,13606,120,1.2997040925086014,0.3416973416718764,0.6584896519058788
AD_HIPPO,grey60,Broad iron,9,1413,13606,120,0.6977524190361027,0.36710388284259177,0.6584896519058788
AD_HIPPO,lightcyan,Broad iron,13,1187,13606,120,1.274122373794662,0.4142342707391414,0.6584896519058788
AD_HIPPO,black,Broad iron,21,2029,13606,120,1.212478197499908,0.4389931012705859,0.6584896519058788
AD_HIPPO,purple,Broad iron,11,1000,13606,120,1.2751656376468865,0.47896179984724363,0.6631778767115681
AD_HIPPO,tan,Broad iron,13,1719,13606,120,0.8389572536369527,0.6784195975511345,0.8722537682800301
AD_HIPPO,lightgreen,Broad iron,14,1573,13606,120,1.0104323115690073,0.8867696118026708,1
AD_HIPPO,blue,Broad iron,31,3633,13606,120,0.9558135907156243,0.917519847894183,1
AD_HIPPO,brown,Broad iron,12,1386,13606,120,0.9794607924899865,0.9999999999999996,1
AD_HIPPO,red,Broad iron,12,1392,13606,120,0.9747192540600166,1.0000000000000004,1
AD_HIPPO,midnightblue,Copper,2,2825,13606,31,0.2626843642879122,0.046973981352048035,0.45001103019158495
AD_HIPPO,tan,Copper,8,1719,13606,31,2.4115929131504465,0.05000122557684277,0.45001103019158495
AD_HIPPO,pink,Copper,1,1858,13606,31,0.21035285533822415,0.11404041401303278,0.6842424840781967
AD_HIPPO,turquoise,Copper,8,2348,13606,31,1.6699328069330848,0.2304239732954835,0.8515845030288227
AD_HIPPO,brown,Copper,5,1386,13606,31,1.6979571808629972,0.2389933345301639,0.8515845030288227
AD_HIPPO,purple,Copper,4,1000,13606,31,1.8708260460574788,0.28386150100960755,0.8515845030288227
AD_HIPPO,lightcyan,Copper,1,1187,13606,31,0.3482189020871007,0.5171523774187978,0.9438199698930538
AD_HIPPO,magenta,Copper,4,1258,13606,31,1.455551910376372,0.5262394443368967,0.9438199698930538
AD_HIPPO,cyan,Copper,4,1306,13606,31,1.3964375938156814,0.5344073162628634,0.9438199698930538
AD_HIPPO,red,Copper,4,1392,13606,31,1.3007501766102503,0.5524683775562969,0.9438199698930538
AD_HIPPO,salmon,Copper,5,1712,13606,31,1.3369938848289333,0.5832830972913974,0.9438199698930538
AD_HIPPO,grey60,Copper,2,1413,13606,31,0.5945591728941928,0.7660813247546991,0.9438199698930538
AD_HIPPO,lightgreen,Copper,4,1573,13606,31,1.1336000072106498,0.7770986091332752,0.9438199698930538
AD_HIPPO,black,Copper,5,2029,13606,31,1.0975243916151103,0.801026319461196,0.9438199698930538
AD_HIPPO,green,Copper,5,2113,13606,31,1.0461109331171048,0.8077664247712565,0.9438199698930538
AD_HIPPO,blue,Copper,9,3633,13606,31,1.1232840775419424,0.8389510843493811,0.9438199698930538
AD_HIPPO,yellow,Copper,5,2433,13606,31,0.8828967307378199,0.9999999999999997,0.9999999999999998
AD_HIPPO,greenyellow,Copper,6,2747,13606,31,0.9486004218032253,0.9999999999999998,0.9999999999999998
AD_HIPPO,turquoise,Core iron,22,2348,13606,83,1.7360538495973634,0.039686856481616434,0.4001740781968821
AD_HIPPO,yellow,Core iron,22,2433,13606,83,1.662140911815206,0.04446378646632024,0.4001740781968821
AD_HIPPO,black,Core iron,17,2029,13606,83,1.4735836609511368,0.16296782444705768,0.6991385615672936
AD_HIPPO,grey60,Core iron,5,1413,13606,83,0.5515837263490593,0.2754476774708955,0.6991385615672936
AD_HIPPO,green,Core iron,9,2113,13606,83,0.6600937398300133,0.2876108166683716,0.6991385615672936
AD_HIPPO,blue,Core iron,18,3633,13606,83,0.7590181483130125,0.32254253705701796,0.6991385615672936
AD_HIPPO,greenyellow,Core iron,13,2747,13606,83,0.7328906647230351,0.3395654723058492,0.6991385615672936
AD_HIPPO,magenta,Core iron,10,1258,13606,83,1.3473226042599378,0.34293978525695434,0.6991385615672936
AD_HIPPO,cyan,Core iron,5,1306,13606,83,0.6022180106194139,0.3495692807836468,0.6991385615672936
AD_HIPPO,salmon,Core iron,13,1712,13606,83,1.2924291495245226,0.4046974189866874,0.7284553541760372
AD_HIPPO,tan,Core iron,8,1719,13606,83,0.7363953940417751,0.5080480191232316,0.8313513040198336
AD_HIPPO,purple,Core iron,7,1000,13606,83,1.1621999035865622,0.6710378879056711,0.90064657704326
AD_HIPPO,red,Core iron,7,1392,13606,83,0.807243315625506,0.717472995800768,0.90064657704326
AD_HIPPO,lightgreen,Core iron,8,1573,13606,83,0.8150600309459466,0.7305061026016129,0.90064657704326
AD_HIPPO,pink,Core iron,12,1858,13606,83,1.0691232916109148,0.7505388142027167,0.90064657704326
AD_HIPPO,brown,Core iron,9,1386,13606,83,1.0727992639458104,0.8547825997553491,0.9616304247247678
AD_HIPPO,lightcyan,Core iron,7,1187,13606,83,0.9634383222048388,0.9999999999999994,1
AD_HIPPO,midnightblue,Core iron,17,2825,13606,83,0.9828775774601924,1.0000000000000002,1
FTLD1,saddlebrown,Broad iron,24,1652,15242,149,1.5879411943882549,0.04591919865919962,0.9710637301335081
FTLD1,darkgrey,Broad iron,36,2817,15242,149,1.4103936720714823,0.08870644548752359,0.9710637301335081
FTLD1,pink,Broad iron,5,1036,15242,149,0.47359982686855273,0.10162643847414907,0.9710637301335081
FTLD1,lightgreen,Broad iron,11,1684,15242,149,0.6394125276908215,0.1876695620013781,0.9710637301335081
FTLD1,violet,Broad iron,21,1687,15242,149,1.3222191773030527,0.23692684181574702,0.9710637301335081
FTLD1,darkgreen,Broad iron,21,1694,15242,149,1.316001123722357,0.23849263950675356,0.9710637301335081
FTLD1,royalblue,Broad iron,21,1704,15242,149,1.3072078987316618,0.24097553567476837,0.9710637301335081
FTLD1,steelblue,Broad iron,19,1540,15242,149,1.3041137442136608,0.27407413281239945,0.9710637301335081
FTLD1,orange,Broad iron,16,2118,15242,149,0.7435088259845632,0.3398203062415184,0.9710637301335081
FTLD1,white,Broad iron,5,817,15242,149,0.6106777151611346,0.3598134718419582,0.9710637301335081
FTLD1,darkorange,Broad iron,5,846,15242,149,0.5884210402502551,0.3643341040638275,0.9710637301335081
FTLD1,lightcyan,Broad iron,11,1498,15242,149,0.7293713445556578,0.4052325522037086,0.9710637301335081
FTLD1,yellow,Broad iron,13,1078,15242,149,1.259049720679873,0.4200073894852439,0.9710637301335081
FTLD1,tan,Broad iron,20,1776,15242,149,1.177515362526784,0.5199886778635774,0.9710637301335081
FTLD1,green,Broad iron,8,1084,15242,149,0.7391124268632203,0.5208153291898171,0.9710637301335081
FTLD1,skyblue,Broad iron,15,1870,15242,149,0.7988621750265642,0.5293484716722923,0.9710637301335081
FTLD1,blue,Broad iron,25,2291,15242,149,1.1412140498546324,0.5640500503709344,0.9710637301335081
FTLD1,salmon,Broad iron,21,2467,15242,149,0.8482912634672856,0.576034249427017,0.9710637301335081
FTLD1,paleturquoise,Broad iron,17,1526,15242,149,1.159331540837353,0.5819923369862341,0.9710637301335081
FTLD1,red,Broad iron,13,1598,15242,149,0.8146791829476998,0.5904221263866994,0.9710637301335081
FTLD1,brown,Broad iron,16,1890,15242,149,0.8486204077625036,0.6179496464485961,0.9710637301335081
FTLD1,cyan,Broad iron,10,1239,15242,149,0.8115561114143756,0.6509202070793593,0.976380310619039
FTLD1,grey60,Broad iron,13,1236,15242,149,1.0840231535483684,0.7622344486236444,1
FTLD1,darkturquoise,Broad iron,8,941,15242,149,0.8611011022123128,0.8637423965872452,1
FTLD1,purple,Broad iron,10,977,15242,149,1.0509553490279557,0.8658093705392521,1
FTLD1,greenyellow,Broad iron,9,1025,15242,149,0.8907014152101346,0.8698392993700002,1
FTLD1,midnightblue,Broad iron,11,1226,15242,149,0.9104679873121195,0.8801476334889478,1
FTLD1,turquoise,Broad iron,14,1441,15242,149,0.9931432277194341,0.9999999999999996,1
FTLD1,black,Broad iron,20,2095,15242,149,0.9726717552653696,0.9999999999999999,1
FTLD1,darkred,Broad iron,7,787,15242,149,0.9045816807570113,1,1
FTLD1,magenta,Broad iron,15,1562,15242,149,0.9801839148629722,1.0000000000000002,1
FTLD1,darkolivegreen,Broad iron,14,1460,15242,149,0.978731510025781,1.0000000000000004,1
FTLD1,lightyellow,Broad iron,10,1045,15242,149,0.9771673514946716,1.0000000000000007,1
FTLD1,yellow,Copper,6,1078,15242,29,3.4407028898447445,0.014357233394672441,0.4481348377124577
FTLD1,red,Copper,7,1598,15242,29,2.7239866009672893,0.027159687134088346,0.4481348377124577
FTLD1,darkred,Copper,3,787,15242,29,2.1234085423759628,0.18689807094360839,1
FTLD1,white,Copper,3,817,15242,29,2.040929692207047,0.20155912009853547,1
FTLD1,steelblue,Copper,5,1540,15242,29,1.856260374060746,0.20861958637911182,1
FTLD1,salmon,Copper,2,2467,15242,29,0.38309728773403146,0.2139787351870358,1
FTLD1,darkturquoise,Copper,3,941,15242,29,1.7558995269852837,0.4220867393193151,1
FTLD1,green,Copper,3,1084,15242,29,1.5083676174611453,0.4582140016000596,1
FTLD1,magenta,Copper,4,1562,15242,29,1.4022683740385613,0.5330516712009078,1
FTLD1,saddlebrown,Copper,4,1652,15242,29,1.3169605354862355,0.5486768338988685,1
FTLD1,violet,Copper,4,1687,15242,29,1.2862500895572369,0.5555563308061089,1
FTLD1,darkgreen,Copper,4,1694,15242,29,1.280260198215319,0.556980215790488,1
FTLD1,brown,Copper,2,1890,15242,29,0.5228131070856133,0.5716193109740314,1
FTLD1,orange,Copper,5,2118,15242,29,1.2915822791950367,0.588945609324956,1
FTLD1,blue,Copper,3,2291,15242,29,0.6518290780246948,0.6102964748473306,1
FTLD1,darkorange,Copper,2,846,15242,29,1.2610793350011775,0.6745472966173399,1
FTLD1,purple,Copper,2,977,15242,29,1.081674898357383,0.7090988130882498,1
FTLD1,pink,Copper,1,1036,15242,29,0.4892279432265338,0.7193360890803645,1
FTLD1,cyan,Copper,1,1239,15242,29,0.4031725751347054,0.7278845607720688,1
FTLD1,darkolivegreen,Copper,3,1460,15242,29,1.0893427941868654,0.7541581427947911,1
FTLD1,lightcyan,Copper,3,1498,15242,29,1.0587752010772669,0.7597988963521674,1
FTLD1,royalblue,Copper,2,1704,15242,29,0.5880398130325767,0.7657088559885148,1
FTLD1,skyblue,Copper,4,1870,15242,29,1.1444080181878982,0.775354056909387,1
FTLD1,black,Copper,3,2095,15242,29,0.7237051262144003,0.7894852505740598,1
FTLD1,darkgrey,Copper,6,2817,15242,29,1.1509727059164543,0.8099522659412631,1
FTLD1,greenyellow,Copper,2,1025,15242,29,1.0274835059568501,0.9999999999999998,1
FTLD1,lightgreen,Copper,3,1684,15242,29,0.9288408869191794,0.9999999999999998,1
FTLD1,tan,Copper,3,1776,15242,29,0.8746452185250712,0.9999999999999999,1
FTLD1,grey60,Copper,2,1236,15242,29,0.8391244391935415,1,1
FTLD1,lightyellow,Copper,2,1045,15242,29,1.0063562579081597,1,1
FTLD1,paleturquoise,Copper,3,1526,15242,29,1.0371795770806034,1.0000000000000002,1
FTLD1,midnightblue,Copper,2,1226,15242,29,0.8465859133913833,1.0000000000000004,1
FTLD1,turquoise,Copper,2,1441,15242,29,0.7090658882493822,1.0000000000000004,1
FTLD1,saddlebrown,Core iron,19,1652,15242,101,1.9166482087414942,0.015044182724650322,0.4964580299134606
FTLD1,darkgrey,Core iron,27,2817,15242,101,1.6151524556410557,0.038932906609637316,0.596471224976025
FTLD1,lightgreen,Core iron,5,1684,15242,101,0.4176140947220171,0.054224656816002276,0.596471224976025
FTLD1,darkgreen,Core iron,17,1694,15242,101,1.6247687650002067,0.07860293073936482,0.6484741785997598
FTLD1,yellow,Core iron,11,1078,15242,101,1.6120668348895448,0.16725048521465324,0.8484988847155072
FTLD1,paleturquoise,Core iron,14,1526,15242,101,1.4504615571463784,0.1846826225313756,0.8484988847155072
FTLD1,orange,Core iron,9,2118,15242,101,0.6045078296108054,0.19199493136911508,0.8484988847155072
FTLD1,violet,Core iron,15,1687,15242,101,1.405008964845453,0.20569669932497142,0.8484988847155072
FTLD1,steelblue,Core iron,14,1540,15242,101,1.4356800864881194,0.24280752247087606,0.8902942490598789
FTLD1,purple,Core iron,9,977,15242,101,1.4322701144801073,0.3036149365490737,0.9665220238405609
FTLD1,pink,Core iron,4,1036,15242,101,0.5637652121594904,0.32305031962577957,0.9665220238405609
FTLD1,darkorange,Core iron,3,846,15242,101,0.5192120782025161,0.37909954295682624,0.9665220238405609
FTLD1,royalblue,Core iron,14,1704,15242,101,1.280762424059083,0.4259670065413367,0.9665220238405609
FTLD1,black,Core iron,11,2095,15242,101,0.765778190153641,0.47022027968045654,0.9665220238405609
FTLD1,red,Core iron,8,1598,15242,101,0.7331508181129401,0.5137476253804997,0.9665220238405609
FTLD1,brown,Core iron,10,1890,15242,101,0.7751464334574495,0.5447834809415728,0.9665220238405609
FTLD1,green,Core iron,5,1084,15242,101,0.6787655749779,0.5578269723842698,0.9665220238405609
FTLD1,lightcyan,Core iron,8,1498,15242,101,0.7881474884679049,0.6168721121113954,0.9665220238405609
FTLD1,tan,Core iron,13,1776,15242,101,1.120949116241452,0.6420780356325626,0.9665220238405609
FTLD1,darkred,Core iron,6,787,15242,101,1.161250981298597,0.6504559056829444,0.9665220238405609
FTLD1,darkturquoise,Core iron,7,941,15242,101,1.132717664662565,0.6778192014963934,0.9665220238405609
FTLD1,lightyellow,Core iron,8,1045,15242,101,1.1699449796014298,0.6901897680831937,0.9665220238405609
FTLD1,midnightblue,Core iron,9,1226,15242,101,1.1192318462876218,0.7125101890384191,0.9665220238405609
FTLD1,blue,Core iron,16,2291,15242,101,1.0645532462783134,0.7804420577079481,0.9665220238405609
FTLD1,salmon,Core iron,15,2467,15242,101,0.9026394060603757,0.7876953182545879,0.9665220238405609
FTLD1,white,Core iron,4,817,15242,101,0.7267522725674908,0.8225584855641523,0.9665220238405609
FTLD1,cyan,Core iron,7,1239,15242,101,0.8407250559700266,0.8545037477034485,0.9665220238405609
FTLD1,turquoise,Core iron,10,1441,15242,101,1.052838164095431,0.8639730849413689,0.9665220238405609
FTLD1,darkolivegreen,Core iron,10,1460,15242,101,1.0375962398250564,0.8651845951915602,0.9665220238405609
FTLD1,skyblue,Core iron,13,1870,15242,101,1.056773964393791,0.8786563853096007,0.9665220238405609
FTLD1,greenyellow,Core iron,6,1025,15242,101,0.87528814463754,0.9999999999999997,1
FTLD1,grey60,Core iron,8,1236,15242,101,0.9746080919131421,1,1
FTLD1,magenta,Core iron,10,1562,15242,101,0.962176498720977,1.0000000000000004,1
FTLD2,darkmagenta,Broad iron,21,1063,15193,141,2.352737275411066,0.0011986622333839568,0.05873444943581388
FTLD2,white,Broad iron,15,785,15193,141,2.2078572254548097,0.00678982720169967,0.16635076644164193
FTLD2,orangered4,Broad iron,15,968,15193,141,1.7611431297560785,0.05333087046166213,0.6685553728841513
FTLD2,salmon,Broad iron,10,1918,15193,141,0.5258878035979766,0.0545759488068695,0.6685553728841513
FTLD2,lightcyan1,Broad iron,4,911,15193,141,0.45535618805878253,0.15015480826459737,0.9342867599379219
FTLD2,skyblue,Broad iron,13,924,15193,141,1.5764293785310552,0.15214902797616622,0.9342867599379219
FTLD2,red,Broad iron,16,1241,15193,141,1.4447289673207602,0.16395851244098045,0.9342867599379219
FTLD2,plum1,Broad iron,3,740,15193,141,0.42226307780944783,0.16580975590303934,0.9342867599379219
FTLD2,darkslateblue,Broad iron,16,1298,15193,141,1.3748118899253432,0.2253073510465894,0.9342867599379219
FTLD2,paleturquoise,Broad iron,27,2359,15193,141,1.2918412666997472,0.24199647839057759,0.9342867599379219
FTLD2,saddlebrown,Broad iron,10,779,15193,141,1.4177686954729236,0.25223276094607866,0.9342867599379219
FTLD2,sienna3,Broad iron,14,1142,15193,141,1.3607137389576422,0.2608933263657605,0.9342867599379219
FTLD2,turquoise,Broad iron,10,1542,15193,141,0.6736842999486824,0.2633347586429125,0.9342867599379219
FTLD2,darkgreen,Broad iron,11,856,15193,141,1.4225867566880053,0.2669390742679777,0.9342867599379219
FTLD2,green,Broad iron,11,947,15193,141,1.276076966298979,0.38394327464912753,0.9976342350817698
FTLD2,cyan,Broad iron,6,962,15193,141,0.6553200113376875,0.3857899635593863,0.9976342350817698
FTLD2,steelblue,Broad iron,8,653,15193,141,1.3435133990308876,0.39970910051625674,0.9976342350817698
FTLD2,blue,Broad iron,20,2594,15193,141,0.8012857191025254,0.43089362264471015,0.9976342350817698
FTLD2,lightyellow,Broad iron,6,910,15193,141,0.695575766067156,0.4770909703283418,0.9976342350817698
FTLD2,black,Broad iron,12,1066,15193,141,1.23540637471923,0.5048374332194603,0.9976342350817698
FTLD2,floralwhite,Broad iron,1,272,15193,141,0.3896047397301593,0.5243352061004196,0.9976342350817698
FTLD2,darkolivegreen,Broad iron,4,659,15193,141,0.6417648563844927,0.5312540095410002,0.9976342350817698
FTLD2,ivory,Broad iron,8,692,15193,141,1.263486265042908,0.5381859352819881,0.9976342350817698
FTLD2,bisque4,Broad iron,14,1275,15193,141,1.2055878131948485,0.5396108335020713,0.9976342350817698
FTLD2,darkorange2,Broad iron,11,1488,15193,141,0.7777309319493068,0.5676310696316146,0.9976342350817698
FTLD2,magenta,Broad iron,11,1041,15193,141,1.1519071529266987,0.6145305484558045,0.9976342350817698
FTLD2,brown,Broad iron,11,1433,15193,141,0.8110316427143979,0.6629277146353356,0.9976342350817698
FTLD2,darkgrey,Broad iron,13,1648,15193,141,0.8334127892276199,0.68228386378402,0.9976342350817698
FTLD2,yellow,Broad iron,6,807,15193,141,0.7907389359930326,0.707306378907903,0.9976342350817698
FTLD2,darkturquoise,Broad iron,9,890,15193,141,1.0966885011334242,0.7185620373350412,0.9976342350817698
FTLD2,royalblue,Broad iron,9,900,15193,141,1.0836061159578645,0.7212374658099704,0.9976342350817698
FTLD2,pink,Broad iron,10,986,15193,141,1.1009011565108338,0.730349434754734,0.9976342350817698
FTLD2,greenyellow,Broad iron,10,1004,15193,141,1.0795696873777672,0.7341592204138002,0.9976342350817698
FTLD2,brown4,Broad iron,10,1258,15193,141,0.8443395988145532,0.7582859752420238,0.9976342350817698
FTLD2,mediumpurple3,Broad iron,10,1270,15193,141,0.8355700656544109,0.7588874890067344,0.9976342350817698
FTLD2,lightgreen,Broad iron,11,1363,15193,141,0.8574138689668344,0.7668230821127897,0.9976342350817698
FTLD2,lightsteelblue1,Broad iron,2,333,15193,141,0.6399323208202925,0.7728251485425215,0.9976342350817698
FTLD2,skyblue3,Broad iron,2,342,15193,141,0.6226126129158867,0.7736755292470868,0.9976342350817698
FTLD2,violet,Broad iron,7,695,15193,141,1.0906129619311187,0.837911159743198,1
FTLD2,darkred,Broad iron,8,972,15193,141,0.8790471862157393,0.8632009448968471,1
FTLD2,plum2,Broad iron,10,1026,15193,141,1.0545941082588457,0.8653657148942527,1
FTLD2,yellowgreen,Broad iron,6,685,15193,141,0.9407985443596607,0.9999999999999992,1
FTLD2,darkorange,Broad iron,7,761,15193,141,0.9905980088697613,0.9999999999999994,1
FTLD2,lightcyan,Broad iron,7,766,15193,141,0.9837286154611965,0.9999999999999994,1
FTLD2,grey60,Broad iron,9,1016,15193,141,0.9509591746496926,1,1
FTLD2,midnightblue,Broad iron,10,1070,15193,141,1.0076335866243813,1,1
FTLD2,orange,Broad iron,9,989,15193,141,0.9790364526411893,1,1
FTLD2,tan,Broad iron,10,1123,15193,141,0.9560178694756634,1.0000000000000002,1
FTLD2,purple,Broad iron,8,946,15193,141,0.9050805005901,1.0000000000000004,1
FTLD2,lightsteelblue1,Copper,3,333,15193,33,4.4927365716117365,0.03506078107247365,1
FTLD2,royalblue,Copper,4,900,15193,33,2.1956334433382545,0.12884906286658412,1
FTLD2,cyan,Copper,4,962,15193,33,2.044647995445971,0.15341133712700541,1
FTLD2,pink,Copper,4,986,15193,33,1.9913233985855925,0.16338993324102888,1
FTLD2,darkmagenta,Copper,0,1063,15193,33,0,0.16833335473564517,1
FTLD2,turquoise,Copper,1,1542,15193,33,0.27619441109751763,0.24975510733488007,1
FTLD2,darkturquoise,Copper,0,890,15193,33,0,0.2611804908603989,1
FTLD2,black,Copper,4,1066,15193,33,1.830895269285492,0.288756612782216,1
FTLD2,sienna3,Copper,4,1142,15193,33,1.6994520954286625,0.30924482496266353,1
FTLD2,brown4,Copper,4,1258,15193,33,1.5294956377028643,0.34775366264855156,1
FTLD2,yellowgreen,Copper,0,685,15193,33,0,0.4027328472923698,1
FTLD2,violet,Copper,0,695,15193,33,0,0.403342183052933,1
FTLD2,white,Copper,0,785,15193,33,0,0.4151691595358346,1
FTLD2,floralwhite,Copper,1,272,15193,33,1.7168196076948221,0.44942127967972706,1
FTLD2,purple,Copper,3,946,15193,33,1.5075679425507877,0.45810605760997203,1
FTLD2,green,Copper,3,947,15193,33,1.5058652196206657,0.4584368136441439,1
FTLD2,orangered4,Copper,3,968,15193,33,1.4709234760176806,0.46552298563765626,1
FTLD2,orange,Copper,3,989,15193,33,1.437470457027344,0.4728598263208997,1
FTLD2,greenyellow,Copper,3,1004,15193,33,1.4144349022702605,0.47824037924907586,1
FTLD2,grey60,Copper,3,1016,15193,33,1.39649765068228,0.4826222090162145,1
FTLD2,magenta,Copper,3,1041,15193,33,1.3604603238243413,0.4919523850979589,1
FTLD2,midnightblue,Copper,3,1070,15193,33,1.3207772684484103,0.5030760842388682,1
FTLD2,mediumpurple3,Copper,1,1270,15193,33,0.3420911152256992,0.5208553541466756,1
FTLD2,darkslateblue,Copper,4,1298,15193,33,1.4779584911081887,0.5242876567880265,1
FTLD2,darkgrey,Copper,2,1648,15193,33,0.5297083661027921,0.5744938333725965,1
FTLD2,steelblue,Copper,2,653,15193,33,1.4378256940838794,0.6520399243197877,1
FTLD2,plum1,Copper,2,740,15193,33,1.2607513609635521,0.6746478180716181,1
FTLD2,darkorange,Copper,2,761,15193,33,1.2240869110383084,0.6806422185422017,1
FTLD2,saddlebrown,Copper,2,779,15193,33,1.194237613518921,0.6859002737084205,1
FTLD2,lightcyan1,Copper,1,911,15193,33,0.48935552647193986,0.7205072550268233,1
FTLD2,darkred,Copper,1,972,15193,33,0.45666599322476803,0.7213815552244838,1
FTLD2,tan,Copper,3,1123,15193,33,1.253549489578811,0.7329287419211484,1
FTLD2,red,Copper,3,1241,15193,33,1.124538360175008,0.7488461081060875,1
FTLD2,brown,Copper,2,1433,15193,33,0.6189898895596451,0.7653698166309039,1
FTLD2,salmon,Copper,3,1918,15193,33,0.691659926230265,0.7922471031562347,1
FTLD2,paleturquoise,Copper,4,2359,15193,33,0.7499953028174179,0.8097324677533408,1
FTLD2,darkorange2,Copper,3,1488,15193,33,0.92087495425915,0.9999999999999996,1
FTLD2,bisque4,Copper,2,1275,15193,33,0.7037835316573222,0.9999999999999997,1
FTLD2,plum2,Copper,2,1026,15193,33,0.8906282963761988,0.9999999999999998,1
FTLD2,blue,Copper,5,2594,15193,33,0.8670692167470057,0.9999999999999999,1
FTLD2,ivory,Copper,1,692,15193,33,0.6543601654516047,0.9999999999999999,1
FTLD2,lightgreen,Copper,3,1363,15193,33,1.0147065138781624,0.9999999999999999,1
FTLD2,skyblue,Copper,2,924,15193,33,0.9962916121719075,0.9999999999999999,1
FTLD2,lightyellow,Copper,2,910,15193,33,1.0126481011066792,1,1
FTLD2,skyblue3,Copper,0,342,15193,33,0,1,1
FTLD2,darkgreen,Copper,1,856,15193,33,0.5228474459427465,1.0000000000000002,1
FTLD2,lightcyan,Copper,1,766,15193,33,0.5880386454582154,1.0000000000000002,1
FTLD2,darkolivegreen,Copper,1,659,15193,33,0.6887448207244966,1.0000000000000004,1
FTLD2,yellow,Copper,1,807,15193,33,0.5565352025965833,1.0000000000000004,1
FTLD2,darkmagenta,Core iron,17,1063,15193,96,2.8903453421467113,3.2655625088132774e-4,0.016001256293185058
FTLD2,white,Core iron,12,785,15193,96,2.646744636085753,0.003846891042461195,0.09424883054029928
FTLD2,skyblue,Core iron,11,924,15193,96,2.01036988409608,0.048376566021851614,0.738521229073487
FTLD2,sienna3,Core iron,12,1142,15193,96,1.7656522973874378,0.07691312400363892,0.738521229073487
FTLD2,salmon,Core iron,7,1918,15193,96,0.5427189246162222,0.1242867366998613,0.738521229073487
FTLD2,turquoise,Core iron,5,1542,15193,96,0.4847639033676431,0.12608151306696258,0.738521229073487
FTLD2,lightyellow,Core iron,2,910,15193,96,0.33249722980727076,0.12874218447569863,0.738521229073487
FTLD2,lightcyan1,Core iron,2,911,15193,96,0.3321080485914022,0.128783302784103,0.738521229073487
FTLD2,orangered4,Core iron,10,968,15193,96,1.7160651072330215,0.13564675636043638,0.738521229073487
FTLD2,paleturquoise,Core iron,20,2359,15193,96,1.435344713308585,0.1568022746777953,0.7683311459211971
FTLD2,steelblue,Core iron,7,653,15193,96,1.7593476954603988,0.19659426015308107,0.8757380679546338
FTLD2,darkgreen,Core iron,8,856,15193,96,1.5274804401089705,0.2602803909336402,0.9769861230902666
FTLD2,darkslateblue,Core iron,11,1298,15193,96,1.3885952142857194,0.2740336285315573,0.9769861230902666
FTLD2,royalblue,Core iron,8,900,15193,96,1.447659644315135,0.27913889231150474,0.9769861230902666
FTLD2,plum1,Core iron,2,740,15193,96,0.4139875465422807,0.33413768781397785,1
FTLD2,green,Core iron,8,947,15193,96,1.3706608141261933,0.391998037265713,1
FTLD2,darkolivegreen,Core iron,2,659,15193,96,0.4676485485642389,0.4451693166980101,1
FTLD2,ivory,Core iron,6,692,15193,96,1.4004335701897714,0.4534897258238212,1
FTLD2,lightcyan,Core iron,6,766,15193,96,1.2576088265008007,0.48636260183282054,1
FTLD2,black,Core iron,8,1066,15193,96,1.2062895807640135,0.5478559426887128,1
FTLD2,midnightblue,Core iron,8,1070,15193,96,1.201404119125157,0.5491633905704806,1
FTLD2,red,Core iron,9,1241,15193,96,1.1641997343936075,0.5778338177880605,1
FTLD2,violet,Core iron,5,695,15193,96,1.1472247851518609,0.627773890645904,1
FTLD2,saddlebrown,Core iron,6,779,15193,96,1.2353395403809722,0.6378451909658357,1
FTLD2,orange,Core iron,7,989,15193,96,1.130507580512544,0.6780028787227663,1
FTLD2,greenyellow,Core iron,7,1004,15193,96,1.112307956101777,0.6820617722002277,1
FTLD2,plum2,Core iron,5,1026,15193,96,0.757498411233362,0.6849716334440906,1
FTLD2,lightgreen,Core iron,7,1363,15193,96,0.7970035134713486,0.7198056310045444,1
FTLD2,skyblue3,Core iron,1,342,15193,96,0.45551897588139506,0.727396490534436,1
FTLD2,darkorange,Core iron,5,761,15193,96,1.0422968195153814,0.8145819211109452,1
FTLD2,darkturquoise,Core iron,6,890,15193,96,1.071830618794971,0.8260663992743433,1
FTLD2,cyan,Core iron,5,962,15193,96,0.8118346403237774,0.8336897931140913,1
FTLD2,darkred,Core iron,5,972,15193,96,0.8028706527701389,0.8338982199649505,1
FTLD2,brown4,Core iron,7,1258,15193,96,0.8705115406712648,0.853778979380964,1
FTLD2,bisque4,Core iron,7,1275,15193,96,0.857784884297213,0.8537900854114725,1
FTLD2,blue,Core iron,17,2594,15193,96,1.0454741040457947,0.89161129352711,1
FTLD2,grey60,Core iron,6,1016,15193,96,0.9298377680056203,0.9999999999999993,1
FTLD2,pink,Core iron,6,986,15193,96,0.9603421736849271,0.9999999999999994,1
FTLD2,brown,Core iron,9,1433,15193,96,0.9932927255479991,0.9999999999999996,1
FTLD2,purple,Core iron,6,946,15193,96,1.0040424412756475,0.9999999999999996,1
FTLD2,floralwhite,Core iron,1,272,15193,96,0.5758943585583453,0.9999999999999997,1
FTLD2,lightsteelblue1,Core iron,2,333,15193,96,0.9491578597344654,0.9999999999999997,1
FTLD2,mediumpurple3,Core iron,8,1270,15193,96,0.9966145352713919,0.9999999999999997,1
FTLD2,yellow,Core iron,5,807,15193,96,0.9793523290926465,0.9999999999999998,1
FTLD2,tan,Core iron,7,1123,15193,96,0.9853316904625555,0.9999999999999999,1
FTLD2,darkgrey,Core iron,10,1648,15193,96,0.955433682359888,1,1
FTLD2,magenta,Core iron,6,1041,15193,96,0.9057677283102543,1,1
FTLD2,yellowgreen,Core iron,4,685,15193,96,0.9203898186824875,1.0000000000000002,1
FTLD2,darkorange2,Core iron,9,1488,15193,96,0.9525083334655108,1.0000000000000004,1
FTLD3,black,Broad iron,63,5371,15037,141,1.4588565955723272,0.02737906925945234,0.24321352685865671
FTLD3,turquoise,Broad iron,64,5506,15037,141,1.44383962252876,0.03474478955123667,0.24321352685865671
FTLD3,purple,Broad iron,33,4301,15037,141,0.7609130530592043,0.19002246991369776,0.6836988554410423
FTLD3,brown,Broad iron,4,842,15037,141,0.48980070387990404,0.19534253012601208,0.6836988554410423
FTLD3,magenta,Broad iron,30,2685,15037,141,1.246073646125248,0.2711022154020423,0.7590862031257185
FTLD3,greenyellow,Broad iron,10,1424,15037,141,0.7278674537661098,0.38770787359494707,0.9046517050548766
FTLD3,red,Broad iron,15,1876,15037,141,0.8338703583890145,0.6083531260210866,0.9515476844797813
FTLD3,green,Broad iron,3,506,15037,141,0.6220624359140134,0.6351319842403117,0.9515476844797813
FTLD3,salmon,Broad iron,11,1418,15037,141,0.811198713750864,0.66288949180014,0.9515476844797813
FTLD3,yellow,Broad iron,11,1082,15037,141,1.0922248475043967,0.7426288925749512,0.9515476844797813
FTLD3,cyan,Broad iron,11,1108,15037,141,1.0643859867621916,0.7476446092341139,0.9515476844797813
FTLD3,tan,Broad iron,9,1102,15037,141,0.8610378868649772,0.870382856980437,0.9999999999999998
FTLD3,blue,Broad iron,66,7057,15037,141,0.9950509673471191,0.9999999999999998,0.9999999999999998
FTLD3,pink,Broad iron,46,4871,15037,141,1.010669695564827,0.9999999999999998,0.9999999999999998
FTLD3,purple,Copper,5,4301,15037,30,0.4986693835379267,0.16280821661690356,1
FTLD3,green,Copper,2,506,15037,30,2.055176963707,0.2677552289217833,1
FTLD3,salmon,Copper,1,1418,15037,30,0.3307289321498412,0.3581537748055048,1
FTLD3,turquoise,Copper,13,5506,15037,30,1.3244296225036447,0.4527082088224935,1
FTLD3,magenta,Copper,7,2685,15037,30,1.4011226061022797,0.4713660918625555,1
FTLD3,yellow,Copper,3,1082,15037,30,1.4341966778458655,0.4739075597083458,1
FTLD3,tan,Copper,1,1102,15037,30,0.43554586974003584,0.7224119322679898,1
FTLD3,greenyellow,Copper,3,1424,15037,30,1.0623366872279212,0.7592423245207615,1
FTLD3,pink,Copper,9,4871,15037,30,0.8942629581362956,0.8477508821190406,1
FTLD3,brown,Copper,1,842,15037,30,0.58084025620983315,0.9999999999999996,1
FTLD3,black,Copper,11,5371,15037,30,1.0419724472098353,0.9999999999999997,1
FTLD3,cyan,Copper,2,1108,15037,30,0.8977679709195737,1,1
FTLD3,blue,Copper,14,7057,15037,30,0.9894221986504054,1.0000000000000002,1
FTLD3,red,Copper,3,1876,15037,30,0.7791541554260933,1.0000000000000002,1
FTLD3,black,Core iron,47,5371,15037,98,1.6643459376398566,0.014569412109452486,0.10551439988260278
FTLD3,turquoise,Core iron,48,5506,15037,98,1.6674587576589814,0.015073485697514682,0.10551439988260278
FTLD3,tan,Core iron,3,1102,15037,98,0.3976987985153375,0.11916403981052177,0.4953165803198883
FTLD3,magenta,Core iron,23,2685,15037,98,1.4142920342403795,0.14618570306128606,0.4953165803198883
FTLD3,brown,Core iron,2,842,15037,98,0.3496933336153673,0.1800923872720589,0.4953165803198883
FTLD3,purple,Core iron,22,4301,15037,98,0.7211871155366222,0.21683585012109385,0.4953165803198883
FTLD3,cyan,Core iron,10,1108,15037,98,1.4324080259885421,0.24765829015994414,0.4953165803198883
FTLD3,greenyellow,Core iron,6,1424,15037,98,0.6218824281047689,0.30214014112802234,0.5151068934306439
FTLD3,pink,Core iron,27,4871,15037,98,0.7925505780392442,0.3311401457768425,0.5151068934306439
FTLD3,salmon,Core iron,7,1418,15037,98,0.7375378318606042,0.6011133414345126,0.8005109103849973
FTLD3,red,Core iron,10,1876,15037,98,0.7961360115400554,0.6444845822061709,0.8005109103849973
FTLD3,blue,Core iron,48,7057,15037,98,1.0861325809529803,0.6861522089014263,0.8005109103849973
FTLD3,green,Core iron,3,506,15037,98,0.9063147791764317,1.0000000000000004,1
FTLD3,yellow,Core iron,7,1082,15037,98,0.9920577422164493,1.0000000000000007,1
MSA,paleturquoise,Broad iron,23,1573,15579,142,1.731560001339635,0.023779059809990503,0.7609299139196961
MSA,violet,Broad iron,20,1461,15579,142,1.5921762301570523,0.05954997326587467,0.8750018554704485
MSA,pink,Broad iron,22,1729,15579,142,1.4745643765137897,0.10573227596216228,0.8750018554704485
MSA,salmon,Broad iron,35,3066,15579,142,1.338816375696383,0.13792581564260706,0.8750018554704485
MSA,skyblue,Broad iron,23,1941,15579,142,1.3622791744697484,0.19995470474123433,0.8750018554704485
MSA,darkorange,Broad iron,3,730,15579,142,0.4367178270055694,0.22525827373034227,0.8750018554704485
MSA,white,Broad iron,27,2379,15579,142,1.3061521366499589,0.2399138091872835,0.8750018554704485
MSA,lightyellow,Broad iron,10,770,15579,142,1.4629571227775677,0.23998756073960287,0.8750018554704485
MSA,purple,Broad iron,12,1006,15579,142,1.341210932011206,0.3036540165299938,0.8750018554704485
MSA,blue,Broad iron,36,3415,15579,142,1.211940374803527,0.3096505442048291,0.8750018554704485
MSA,darkgrey,Broad iron,27,2510,15579,142,1.2248395145616742,0.3582298392585684,0.8750018554704485
MSA,cyan,Broad iron,12,1063,15579,142,1.263477575220834,0.40319397381536987,0.8750018554704485
MSA,brown,Broad iron,18,1630,15579,142,1.2449271606982992,0.4067746171642152,0.8750018554704485
MSA,darkturquoise,Broad iron,8,694,15579,142,1.2837313015493874,0.4168375962787968,0.8750018554704485
MSA,lightcyan,Broad iron,8,1216,15579,142,0.7032083555869739,0.43073306807759076,0.8750018554704485
MSA,grey60,Broad iron,6,930,15579,142,0.69294340427302,0.47728749625221245,0.8750018554704485
MSA,darkred,Broad iron,14,1864,15579,142,0.8033043960483139,0.516412074591382,0.8750018554704485
MSA,orange,Broad iron,13,1214,15579,142,1.194518571156433,0.5278304573689866,0.8750018554704485
MSA,tan,Broad iron,4,696,15579,142,0.6176251771954966,0.5359332816904571,0.8750018554704485
MSA,green,Broad iron,15,1431,15579,142,1.1694949584053052,0.5582003423026779,0.8750018554704485
MSA,greenyellow,Broad iron,6,887,15579,142,0.7289203461089051,0.5846056009922636,0.8750018554704485
MSA,saddlebrown,Broad iron,19,1854,15579,142,1.144996590432652,0.6015637756359333,0.8750018554704485
MSA,turquoise,Broad iron,25,3009,15579,142,0.8917283047495139,0.6699206867194772,0.90727649966421
MSA,royalblue,Broad iron,7,686,15579,142,1.1269851386931862,0.6804573747481575,0.90727649966421
MSA,lightgreen,Broad iron,6,864,15579,142,0.7496437483370807,0.7104014906623539,0.909313908047813
MSA,red,Broad iron,10,1270,15579,142,0.852390271393986,0.7580712753965103,0.9330108004880128
MSA,steelblue,Broad iron,18,1883,15579,142,1.0563803111740688,0.7960053776600106,0.9434137809303829
MSA,darkgreen,Broad iron,5,668,15579,142,0.8132756515869423,0.8352466152470142,0.9545675602823018
MSA,black,Broad iron,11,1161,15579,142,1.0432030445379612,0.8719737803942346,0.9621779645729485
MSA,magenta,Broad iron,9,1033,15579,142,0.9524589688378703,0.9999999999999998,1
MSA,midnightblue,Broad iron,6,697,15579,142,0.9414775662240342,1.0000000000000002,1
MSA,yellow,Broad iron,13,1421,15579,142,1.0041015628320973,1.0000000000000002,1
MSA,black,Copper,5,1161,15579,28,2.7067300787994313,0.05336245930268144,1
MSA,pink,Copper,6,1729,15579,28,2.1886360452559224,0.11974169090344282,1
MSA,tan,Copper,3,696,15579,28,2.572435748074793,0.12764816434217935,1
MSA,red,Copper,0,1270,15579,28,0,0.1652767828263981,1
MSA,orange,Copper,4,1214,15579,28,1.9752579692464547,0.2731386290345177,1
MSA,darkgrey,Copper,2,2510,15579,28,0.4000582686668563,0.300717966608975,1
MSA,green,Copper,4,1431,15579,28,1.6495400681102184,0.3202143795095565,1
MSA,turquoise,Copper,3,3009,15579,28,0.5008233959879703,0.33956011301549416,1
MSA,royalblue,Copper,2,686,15579,28,1.6718726291545962,0.3511621588230189,1
MSA,skyblue,Copper,5,1941,15579,28,1.5287575140111678,0.385217877149296,1
MSA,lightgreen,Copper,0,864,15579,28,0,0.4031238351862751,1
MSA,cyan,Copper,3,1063,15579,28,1.640414305017526,0.4360792813288154,1
MSA,blue,Copper,4,3415,15579,28,0.5932076193861674,0.4915677413008582,1
MSA,yellow,Copper,1,1421,15579,28,0.36858648484124745,0.5104880873572413,1
MSA,violet,Copper,1,1461,15579,28,0.3574737772600648,0.5123037001350587,1
MSA,darkred,Copper,2,1864,15579,28,0.5655380957798806,0.5705872754768325,1
MSA,lightyellow,Copper,2,770,15579,28,1.4806030412218827,0.6476458763321149,1
MSA,purple,Copper,2,1006,15579,28,1.1145277527380857,0.7017729902630055,1
MSA,magenta,Copper,2,1033,15579,28,1.0833054856466142,0.708737501905676,1
MSA,paleturquoise,Copper,3,1573,15579,28,1.0686312816068542,0.7577899757707753,1
MSA,saddlebrown,Copper,2,1854,15579,28,0.5690069543900234,0.7673430990185015,1
MSA,steelblue,Copper,4,1883,15579,28,1.2126849121511891,0.7688130724143003,1
MSA,brown,Copper,3,1630,15579,28,1.0269726628151432,0.9999999999999998,1
MSA,darkorange,Copper,1,730,15579,28,0.7530437398013943,0.9999999999999998,1
MSA,white,Copper,4,2379,15579,28,0.9246178741215952,0.9999999999999998,1
MSA,darkturquoise,Copper,1,694,15579,28,0.7940863282014554,0.9999999999999999,1
MSA,lightcyan,Copper,2,1216,15579,28,0.9084418744500635,1,1
MSA,midnightblue,Copper,1,697,15579,28,0.7905039689285633,1,1
MSA,salmon,Copper,5,3066,15579,28,0.8870429841524514,1,1
MSA,darkgreen,Copper,1,668,15579,28,0.8264831368271982,1.0000000000000002,1
MSA,grey60,Copper,1,930,15579,28,0.5829462809623859,1.0000000000000002,1
MSA,greenyellow,Copper,1,887,15579,28,0.6130378216985914,1.0000000000000004,1
MSA,violet,Core iron,16,1461,15579,100,1.8497805811779144,0.03615854323173722,0.5817590924655259
MSA,pink,Core iron,18,1729,15579,100,1.766277853891824,0.03635994327909537,0.5817590924655259
MSA,blue,Core iron,29,3415,15579,100,1.4587297330494762,0.0899650341031858,0.6288562657259181
MSA,lightyellow,Core iron,9,770,15579,100,1.9127141657809337,0.09750886402728512,0.6288562657259181
MSA,salmon,Core iron,26,3066,15579,100,1.437612560064225,0.1287301943493745,0.6288562657259181
MSA,darkred,Core iron,7,1864,15579,100,0.5521508703366572,0.1619159620540575,0.6288562657259181
MSA,skyblue,Core iron,17,1941,15579,100,1.4429523056443652,0.17090222491079876,0.6288562657259181
MSA,white,Core iron,20,2379,15579,100,1.3903843012369976,0.20765173932545655,0.6288562657259181
MSA,darkturquoise,Core iron,7,694,15579,100,1.6205580839189588,0.21690743015944355,0.6288562657259181
MSA,steelblue,Core iron,16,1883,15579,100,1.388694175734173,0.2190126608060868,0.6288562657259181
MSA,green,Core iron,13,1431,15579,100,1.4816586050883087,0.22004034815254878,0.6288562657259181
MSA,orange,Core iron,11,1214,15579,100,1.4666528126317238,0.2566828753194572,0.6288562657259181
MSA,darkgrey,Core iron,20,2510,15579,100,1.3040911215855389,0.2763255342307909,0.6288562657259181
MSA,paleturquoise,Core iron,13,1573,15579,100,1.333205855822508,0.3174914222824428,0.6288562657259181
MSA,darkorange,Core iron,2,730,15579,100,0.4135336671474557,0.33492919481520544,0.6288562657259181
MSA,black,Core iron,10,1161,15579,100,1.3831028600483426,0.3355765171811578,0.6288562657259181
MSA,saddlebrown,Core iron,15,1854,15579,100,1.3088680617229953,0.35055533087916396,0.6288562657259181
MSA,lightcyan,Core iron,5,1216,15579,100,0.6201480142884711,0.35373164947082897,0.6288562657259181
MSA,lightgreen,Core iron,3,864,15579,100,0.5250927577392187,0.37797359273167974,0.6365871035480921
MSA,cyan,Core iron,9,1063,15579,100,1.3535179872582044,0.4213710369176564,0.6741936590682504
MSA,darkgreen,Core iron,2,668,15579,100,0.4539294418161841,0.44993538391830296,0.6856158231136045
MSA,grey60,Core iron,4,930,15579,100,0.6548332355513412,0.5270013800542023,0.7665474618970215
MSA,royalblue,Core iron,5,686,15579,100,1.1436627121000442,0.6288819311784946,0.8749661651179055
MSA,greenyellow,Core iron,4,887,15579,100,0.6887534043291706,0.6629509209169228,0.8773161023594206
MSA,purple,Core iron,5,1006,15579,100,0.761239397153249,0.6854032049682973,0.8773161023594206
MSA,midnightblue,Core iron,5,697,15579,100,1.1246480445822993,0.8054359170357239,0.991305744043968
MSA,magenta,Core iron,7,1033,15579,100,1.0603136237129995,0.8392983061528523,0.9934390764405066
MSA,brown,Core iron,11,1630,15579,100,1.0580951080065706,0.8692591918854433,0.9934390764405066
MSA,turquoise,Core iron,19,3009,15579,100,0.9797703546557532,0.9999999999999996,1
MSA,tan,Core iron,4,696,15579,100,0.8903592185328503,1,1
MSA,yellow,Core iron,9,1421,15579,100,0.9852994463211747,1,1
MSA,red,Core iron,8,1270,15579,100,0.979605527827354,1.0000000000000002,1
PD,paleturquoise,Broad iron,23,1573,15579,142,1.731560001339635,0.023779059809990503,0.7609299139196961
PD,violet,Broad iron,20,1461,15579,142,1.5921762301570523,0.05954997326587467,0.8750018554704485
PD,pink,Broad iron,22,1729,15579,142,1.4745643765137897,0.10573227596216228,0.8750018554704485
PD,salmon,Broad iron,35,3066,15579,142,1.338816375696383,0.13792581564260706,0.8750018554704485
PD,skyblue,Broad iron,23,1941,15579,142,1.3622791744697484,0.19995470474123433,0.8750018554704485
PD,darkorange,Broad iron,3,730,15579,142,0.4367178270055694,0.22525827373034227,0.8750018554704485
PD,white,Broad iron,27,2379,15579,142,1.3061521366499589,0.2399138091872835,0.8750018554704485
PD,lightyellow,Broad iron,10,770,15579,142,1.4629571227775677,0.23998756073960287,0.8750018554704485
PD,purple,Broad iron,12,1006,15579,142,1.341210932011206,0.3036540165299938,0.8750018554704485
PD,blue,Broad iron,36,3415,15579,142,1.211940374803527,0.3096505442048291,0.8750018554704485
PD,darkgrey,Broad iron,27,2510,15579,142,1.2248395145616742,0.3582298392585684,0.8750018554704485
PD,cyan,Broad iron,12,1063,15579,142,1.263477575220834,0.40319397381536987,0.8750018554704485
PD,brown,Broad iron,18,1630,15579,142,1.2449271606982992,0.4067746171642152,0.8750018554704485
PD,darkturquoise,Broad iron,8,694,15579,142,1.2837313015493874,0.4168375962787968,0.8750018554704485
PD,lightcyan,Broad iron,8,1216,15579,142,0.7032083555869739,0.43073306807759076,0.8750018554704485
PD,grey60,Broad iron,6,930,15579,142,0.69294340427302,0.47728749625221245,0.8750018554704485
PD,darkred,Broad iron,14,1864,15579,142,0.8033043960483139,0.516412074591382,0.8750018554704485
PD,orange,Broad iron,13,1214,15579,142,1.194518571156433,0.5278304573689866,0.8750018554704485
PD,tan,Broad iron,4,696,15579,142,0.6176251771954966,0.5359332816904571,0.8750018554704485
PD,green,Broad iron,15,1431,15579,142,1.1694949584053052,0.5582003423026779,0.8750018554704485
PD,greenyellow,Broad iron,6,887,15579,142,0.7289203461089051,0.5846056009922636,0.8750018554704485
PD,saddlebrown,Broad iron,19,1854,15579,142,1.144996590432652,0.6015637756359333,0.8750018554704485
PD,turquoise,Broad iron,25,3009,15579,142,0.8917283047495139,0.6699206867194772,0.90727649966421
PD,royalblue,Broad iron,7,686,15579,142,1.1269851386931862,0.6804573747481575,0.90727649966421
PD,lightgreen,Broad iron,6,864,15579,142,0.7496437483370807,0.7104014906623539,0.909313908047813
PD,red,Broad iron,10,1270,15579,142,0.852390271393986,0.7580712753965103,0.9330108004880128
PD,steelblue,Broad iron,18,1883,15579,142,1.0563803111740688,0.7960053776600106,0.9434137809303829
PD,darkgreen,Broad iron,5,668,15579,142,0.8132756515869423,0.8352466152470142,0.9545675602823018
PD,black,Broad iron,11,1161,15579,142,1.0432030445379612,0.8719737803942346,0.9621779645729485
PD,magenta,Broad iron,9,1033,15579,142,0.9524589688378703,0.9999999999999998,1
PD,midnightblue,Broad iron,6,697,15579,142,0.9414775662240342,1.0000000000000002,1
PD,yellow,Broad iron,13,1421,15579,142,1.0041015628320973,1.0000000000000002,1
PD,black,Copper,5,1161,15579,28,2.7067300787994313,0.05336245930268144,1
PD,pink,Copper,6,1729,15579,28,2.1886360452559224,0.11974169090344282,1
PD,tan,Copper,3,696,15579,28,2.572435748074793,0.12764816434217935,1
PD,red,Copper,0,1270,15579,28,0,0.1652767828263981,1
PD,orange,Copper,4,1214,15579,28,1.9752579692464547,0.2731386290345177,1
PD,darkgrey,Copper,2,2510,15579,28,0.4000582686668563,0.300717966608975,1
PD,green,Copper,4,1431,15579,28,1.6495400681102184,0.3202143795095565,1
PD,turquoise,Copper,3,3009,15579,28,0.5008233959879703,0.33956011301549416,1
PD,royalblue,Copper,2,686,15579,28,1.6718726291545962,0.3511621588230189,1
PD,skyblue,Copper,5,1941,15579,28,1.5287575140111678,0.385217877149296,1
PD,lightgreen,Copper,0,864,15579,28,0,0.4031238351862751,1
PD,cyan,Copper,3,1063,15579,28,1.640414305017526,0.4360792813288154,1
PD,blue,Copper,4,3415,15579,28,0.5932076193861674,0.4915677413008582,1
PD,yellow,Copper,1,1421,15579,28,0.36858648484124745,0.5104880873572413,1
PD,violet,Copper,1,1461,15579,28,0.3574737772600648,0.5123037001350587,1
PD,darkred,Copper,2,1864,15579,28,0.5655380957798806,0.5705872754768325,1
PD,lightyellow,Copper,2,770,15579,28,1.4806030412218827,0.6476458763321149,1
PD,purple,Copper,2,1006,15579,28,1.1145277527380857,0.7017729902630055,1
PD,magenta,Copper,2,1033,15579,28,1.0833054856466142,0.708737501905676,1
PD,paleturquoise,Copper,3,1573,15579,28,1.0686312816068542,0.7577899757707753,1
PD,saddlebrown,Copper,2,1854,15579,28,0.5690069543900234,0.7673430990185015,1
PD,steelblue,Copper,4,1883,15579,28,1.2126849121511891,0.7688130724143003,1
PD,brown,Copper,3,1630,15579,28,1.0269726628151432,0.9999999999999998,1
PD,darkorange,Copper,1,730,15579,28,0.7530437398013943,0.9999999999999998,1
PD,white,Copper,4,2379,15579,28,0.9246178741215952,0.9999999999999998,1
PD,darkturquoise,Copper,1,694,15579,28,0.7940863282014554,0.9999999999999999,1
PD,lightcyan,Copper,2,1216,15579,28,0.9084418744500635,1,1
PD,midnightblue,Copper,1,697,15579,28,0.7905039689285633,1,1
PD,salmon,Copper,5,3066,15579,28,0.8870429841524514,1,1
PD,darkgreen,Copper,1,668,15579,28,0.8264831368271982,1.0000000000000002,1
PD,grey60,Copper,1,930,15579,28,0.5829462809623859,1.0000000000000002,1
PD,greenyellow,Copper,1,887,15579,28,0.6130378216985914,1.0000000000000004,1
PD,violet,Core iron,16,1461,15579,100,1.8497805811779144,0.03615854323173722,0.5817590924655259
PD,pink,Core iron,18,1729,15579,100,1.766277853891824,0.03635994327909537,0.5817590924655259
PD,blue,Core iron,29,3415,15579,100,1.4587297330494762,0.0899650341031858,0.6288562657259181
PD,lightyellow,Core iron,9,770,15579,100,1.9127141657809337,0.09750886402728512,0.6288562657259181
PD,salmon,Core iron,26,3066,15579,100,1.437612560064225,0.1287301943493745,0.6288562657259181
PD,darkred,Core iron,7,1864,15579,100,0.5521508703366572,0.1619159620540575,0.6288562657259181
PD,skyblue,Core iron,17,1941,15579,100,1.4429523056443652,0.17090222491079876,0.6288562657259181
PD,white,Core iron,20,2379,15579,100,1.3903843012369976,0.20765173932545655,0.6288562657259181
PD,darkturquoise,Core iron,7,694,15579,100,1.6205580839189588,0.21690743015944355,0.6288562657259181
PD,steelblue,Core iron,16,1883,15579,100,1.388694175734173,0.2190126608060868,0.6288562657259181
PD,green,Core iron,13,1431,15579,100,1.4816586050883087,0.22004034815254878,0.6288562657259181
PD,orange,Core iron,11,1214,15579,100,1.4666528126317238,0.2566828753194572,0.6288562657259181
PD,darkgrey,Core iron,20,2510,15579,100,1.3040911215855389,0.2763255342307909,0.6288562657259181
PD,paleturquoise,Core iron,13,1573,15579,100,1.333205855822508,0.3174914222824428,0.6288562657259181
PD,darkorange,Core iron,2,730,15579,100,0.4135336671474557,0.33492919481520544,0.6288562657259181
PD,black,Core iron,10,1161,15579,100,1.3831028600483426,0.3355765171811578,0.6288562657259181
PD,saddlebrown,Core iron,15,1854,15579,100,1.3088680617229953,0.35055533087916396,0.6288562657259181
PD,lightcyan,Core iron,5,1216,15579,100,0.6201480142884711,0.35373164947082897,0.6288562657259181
PD,lightgreen,Core iron,3,864,15579,100,0.5250927577392187,0.37797359273167974,0.6365871035480921
PD,cyan,Core iron,9,1063,15579,100,1.3535179872582044,0.4213710369176564,0.6741936590682504
PD,darkgreen,Core iron,2,668,15579,100,0.4539294418161841,0.44993538391830296,0.6856158231136045
PD,grey60,Core iron,4,930,15579,100,0.6548332355513412,0.5270013800542023,0.7665474618970215
PD,royalblue,Core iron,5,686,15579,100,1.1436627121000442,0.6288819311784946,0.8749661651179055
PD,greenyellow,Core iron,4,887,15579,100,0.6887534043291706,0.6629509209169228,0.8773161023594206
PD,purple,Core iron,5,1006,15579,100,0.761239397153249,0.6854032049682973,0.8773161023594206
PD,midnightblue,Core iron,5,697,15579,100,1.1246480445822993,0.8054359170357239,0.991305744043968
PD,magenta,Core iron,7,1033,15579,100,1.0603136237129995,0.8392983061528523,0.9934390764405066
PD,brown,Core iron,11,1630,15579,100,1.0580951080065706,0.8692591918854433,0.9934390764405066
PD,turquoise,Core iron,19,3009,15579,100,0.9797703546557532,0.9999999999999996,1
PD,tan,Core iron,4,696,15579,100,0.8903592185328503,1,1
PD,yellow,Core iron,9,1421,15579,100,0.9852994463211747,1,1
PD,red,Core iron,8,1270,15579,100,0.979605527827354,1.0000000000000002,1
PSP,paleturquoise,Broad iron,23,1573,15579,142,1.731560001339635,0.023779059809990503,0.7609299139196961
PSP,violet,Broad iron,20,1461,15579,142,1.5921762301570523,0.05954997326587467,0.8750018554704485
PSP,pink,Broad iron,22,1729,15579,142,1.4745643765137897,0.10573227596216228,0.8750018554704485
PSP,salmon,Broad iron,35,3066,15579,142,1.338816375696383,0.13792581564260706,0.8750018554704485
PSP,skyblue,Broad iron,23,1941,15579,142,1.3622791744697484,0.19995470474123433,0.8750018554704485
PSP,darkorange,Broad iron,3,730,15579,142,0.4367178270055694,0.22525827373034227,0.8750018554704485
PSP,white,Broad iron,27,2379,15579,142,1.3061521366499589,0.2399138091872835,0.8750018554704485
PSP,lightyellow,Broad iron,10,770,15579,142,1.4629571227775677,0.23998756073960287,0.8750018554704485
PSP,purple,Broad iron,12,1006,15579,142,1.341210932011206,0.3036540165299938,0.8750018554704485
PSP,blue,Broad iron,36,3415,15579,142,1.211940374803527,0.3096505442048291,0.8750018554704485
PSP,darkgrey,Broad iron,27,2510,15579,142,1.2248395145616742,0.3582298392585684,0.8750018554704485
PSP,cyan,Broad iron,12,1063,15579,142,1.263477575220834,0.40319397381536987,0.8750018554704485
PSP,brown,Broad iron,18,1630,15579,142,1.2449271606982992,0.4067746171642152,0.8750018554704485
PSP,darkturquoise,Broad iron,8,694,15579,142,1.2837313015493874,0.4168375962787968,0.8750018554704485
PSP,lightcyan,Broad iron,8,1216,15579,142,0.7032083555869739,0.43073306807759076,0.8750018554704485
PSP,grey60,Broad iron,6,930,15579,142,0.69294340427302,0.47728749625221245,0.8750018554704485
PSP,darkred,Broad iron,14,1864,15579,142,0.8033043960483139,0.516412074591382,0.8750018554704485
PSP,orange,Broad iron,13,1214,15579,142,1.194518571156433,0.5278304573689866,0.8750018554704485
PSP,tan,Broad iron,4,696,15579,142,0.6176251771954966,0.5359332816904571,0.8750018554704485
PSP,green,Broad iron,15,1431,15579,142,1.1694949584053052,0.5582003423026779,0.8750018554704485
PSP,greenyellow,Broad iron,6,887,15579,142,0.7289203461089051,0.5846056009922636,0.8750018554704485
PSP,saddlebrown,Broad iron,19,1854,15579,142,1.144996590432652,0.6015637756359333,0.8750018554704485
PSP,turquoise,Broad iron,25,3009,15579,142,0.8917283047495139,0.6699206867194772,0.90727649966421
PSP,royalblue,Broad iron,7,686,15579,142,1.1269851386931862,0.6804573747481575,0.90727649966421
PSP,lightgreen,Broad iron,6,864,15579,142,0.7496437483370807,0.7104014906623539,0.909313908047813
PSP,red,Broad iron,10,1270,15579,142,0.852390271393986,0.7580712753965103,0.9330108004880128
PSP,steelblue,Broad iron,18,1883,15579,142,1.0563803111740688,0.7960053776600106,0.9434137809303829
PSP,darkgreen,Broad iron,5,668,15579,142,0.8132756515869423,0.8352466152470142,0.9545675602823018
PSP,black,Broad iron,11,1161,15579,142,1.0432030445379612,0.8719737803942346,0.9621779645729485
PSP,magenta,Broad iron,9,1033,15579,142,0.9524589688378703,0.9999999999999998,1
PSP,midnightblue,Broad iron,6,697,15579,142,0.9414775662240342,1.0000000000000002,1
PSP,yellow,Broad iron,13,1421,15579,142,1.0041015628320973,1.0000000000000002,1
PSP,black,Copper,5,1161,15579,28,2.7067300787994313,0.05336245930268144,1
PSP,pink,Copper,6,1729,15579,28,2.1886360452559224,0.11974169090344282,1
PSP,tan,Copper,3,696,15579,28,2.572435748074793,0.12764816434217935,1
PSP,red,Copper,0,1270,15579,28,0,0.1652767828263981,1
PSP,orange,Copper,4,1214,15579,28,1.9752579692464547,0.2731386290345177,1
PSP,darkgrey,Copper,2,2510,15579,28,0.4000582686668563,0.300717966608975,1
PSP,green,Copper,4,1431,15579,28,1.6495400681102184,0.3202143795095565,1
PSP,turquoise,Copper,3,3009,15579,28,0.5008233959879703,0.33956011301549416,1
PSP,royalblue,Copper,2,686,15579,28,1.6718726291545962,0.3511621588230189,1
PSP,skyblue,Copper,5,1941,15579,28,1.5287575140111678,0.385217877149296,1
PSP,lightgreen,Copper,0,864,15579,28,0,0.4031238351862751,1
PSP,cyan,Copper,3,1063,15579,28,1.640414305017526,0.4360792813288154,1
PSP,blue,Copper,4,3415,15579,28,0.5932076193861674,0.4915677413008582,1
PSP,yellow,Copper,1,1421,15579,28,0.36858648484124745,0.5104880873572413,1
PSP,violet,Copper,1,1461,15579,28,0.3574737772600648,0.5123037001350587,1
PSP,darkred,Copper,2,1864,15579,28,0.5655380957798806,0.5705872754768325,1
PSP,lightyellow,Copper,2,770,15579,28,1.4806030412218827,0.6476458763321149,1
PSP,purple,Copper,2,1006,15579,28,1.1145277527380857,0.7017729902630055,1
PSP,magenta,Copper,2,1033,15579,28,1.0833054856466142,0.708737501905676,1
PSP,paleturquoise,Copper,3,1573,15579,28,1.0686312816068542,0.7577899757707753,1
PSP,saddlebrown,Copper,2,1854,15579,28,0.5690069543900234,0.7673430990185015,1
PSP,steelblue,Copper,4,1883,15579,28,1.2126849121511891,0.7688130724143003,1
PSP,brown,Copper,3,1630,15579,28,1.0269726628151432,0.9999999999999998,1
PSP,darkorange,Copper,1,730,15579,28,0.7530437398013943,0.9999999999999998,1
PSP,white,Copper,4,2379,15579,28,0.9246178741215952,0.9999999999999998,1
PSP,darkturquoise,Copper,1,694,15579,28,0.7940863282014554,0.9999999999999999,1
PSP,lightcyan,Copper,2,1216,15579,28,0.9084418744500635,1,1
PSP,midnightblue,Copper,1,697,15579,28,0.7905039689285633,1,1
PSP,salmon,Copper,5,3066,15579,28,0.8870429841524514,1,1
PSP,darkgreen,Copper,1,668,15579,28,0.8264831368271982,1.0000000000000002,1
PSP,grey60,Copper,1,930,15579,28,0.5829462809623859,1.0000000000000002,1
PSP,greenyellow,Copper,1,887,15579,28,0.6130378216985914,1.0000000000000004,1
PSP,violet,Core iron,16,1461,15579,100,1.8497805811779144,0.03615854323173722,0.5817590924655259
PSP,pink,Core iron,18,1729,15579,100,1.766277853891824,0.03635994327909537,0.5817590924655259
PSP,blue,Core iron,29,3415,15579,100,1.4587297330494762,0.0899650341031858,0.6288562657259181
PSP,lightyellow,Core iron,9,770,15579,100,1.9127141657809337,0.09750886402728512,0.6288562657259181
PSP,salmon,Core iron,26,3066,15579,100,1.437612560064225,0.1287301943493745,0.6288562657259181
PSP,darkred,Core iron,7,1864,15579,100,0.5521508703366572,0.1619159620540575,0.6288562657259181
PSP,skyblue,Core iron,17,1941,15579,100,1.4429523056443652,0.17090222491079876,0.6288562657259181
PSP,white,Core iron,20,2379,15579,100,1.3903843012369976,0.20765173932545655,0.6288562657259181
PSP,darkturquoise,Core iron,7,694,15579,100,1.6205580839189588,0.21690743015944355,0.6288562657259181
PSP,steelblue,Core iron,16,1883,15579,100,1.388694175734173,0.2190126608060868,0.6288562657259181
PSP,green,Core iron,13,1431,15579,100,1.4816586050883087,0.22004034815254878,0.6288562657259181
PSP,orange,Core iron,11,1214,15579,100,1.4666528126317238,0.2566828753194572,0.6288562657259181
PSP,darkgrey,Core iron,20,2510,15579,100,1.3040911215855389,0.2763255342307909,0.6288562657259181
PSP,paleturquoise,Core iron,13,1573,15579,100,1.333205855822508,0.3174914222824428,0.6288562657259181
PSP,darkorange,Core iron,2,730,15579,100,0.4135336671474557,0.33492919481520544,0.6288562657259181
PSP,black,Core iron,10,1161,15579,100,1.3831028600483426,0.3355765171811578,0.6288562657259181
PSP,saddlebrown,Core iron,15,1854,15579,100,1.3088680617229953,0.35055533087916396,0.6288562657259181
PSP,lightcyan,Core iron,5,1216,15579,100,0.6201480142884711,0.35373164947082897,0.6288562657259181
PSP,lightgreen,Core iron,3,864,15579,100,0.5250927577392187,0.37797359273167974,0.6365871035480921
PSP,cyan,Core iron,9,1063,15579,100,1.3535179872582044,0.4213710369176564,0.6741936590682504
PSP,darkgreen,Core iron,2,668,15579,100,0.4539294418161841,0.44993538391830296,0.6856158231136045
PSP,grey60,Core iron,4,930,15579,100,0.6548332355513412,0.5270013800542023,0.7665474618970215
PSP,royalblue,Core iron,5,686,15579,100,1.1436627121000442,0.6288819311784946,0.8749661651179055
PSP,greenyellow,Core iron,4,887,15579,100,0.6887534043291706,0.6629509209169228,0.8773161023594206
PSP,purple,Core iron,5,1006,15579,100,0.761239397153249,0.6854032049682973,0.8773161023594206
PSP,midnightblue,Core iron,5,697,15579,100,1.1246480445822993,0.8054359170357239,0.991305744043968
PSP,magenta,Core iron,7,1033,15579,100,1.0603136237129995,0.8392983061528523,0.9934390764405066
PSP,brown,Core iron,11,1630,15579,100,1.0580951080065706,0.8692591918854433,0.9934390764405066
PSP,turquoise,Core iron,19,3009,15579,100,0.9797703546557532,0.9999999999999996,1
PSP,tan,Core iron,4,696,15579,100,0.8903592185328503,1,1
PSP,yellow,Core iron,9,1421,15579,100,0.9852994463211747,1,1
PSP,red,Core iron,8,1270,15579,100,0.979605527827354,1.0000000000000002,1
