network_id,module,gene_set,overlap,module_size,network_background_size,available_gene_set_size,odds_ratio,p_value,FDR,module_id,disease_group,disease_or_comparison,dataset_or_network,source_study,positive_enrichment,FDR_significant
AD_DLPFC,greenyellow,Broad iron,24,1966,14798,134,1.429260920274206,0.12380080831345476,0.9822816196261065,AD_DLPFC_greenyellow,Alzheimer's disease,AD,DLPFC,Fodder et al. (2026),FALSE,FALSE
AD_DLPFC,purple,Broad iron,14,1873,14798,134,0.8036241912394926,0.5146896571769484,0.9822816196261065,AD_DLPFC_purple,Alzheimer's disease,AD,DLPFC,Fodder et al. (2026),FALSE,FALSE
AD_DLPFC,green,Broad iron,20,2513,14798,134,0.8565123450159641,0.6434513574270424,0.9822816196261065,AD_DLPFC_green,Alzheimer's disease,AD,DLPFC,Fodder et al. (2026),FALSE,FALSE
AD_DLPFC,yellow,Broad iron,16,1688,14798,134,1.053615115390617,0.785565771635135,0.9822816196261065,AD_DLPFC_yellow,Alzheimer's disease,AD,DLPFC,Fodder et al. (2026),FALSE,FALSE
AD_DLPFC,midnightblue,Broad iron,19,1974,14798,134,1.0740554176034878,0.7981038159462115,0.9822816196261065,AD_DLPFC_midnightblue,Alzheimer's disease,AD,DLPFC,Fodder et al. (2026),FALSE,FALSE
AD_DLPFC,salmon,Broad iron,17,2008,14798,134,0.9248407240048082,0.8990665960600148,0.9999999999999994,AD_DLPFC_salmon,Alzheimer's disease,AD,DLPFC,Fodder et al. (2026),FALSE,FALSE
AD_DLPFC,greenyellow,Copper,7,1966,14798,31,1.9067258784775212,0.1770310109559292,0.9277345668544223,AD_DLPFC_greenyellow,Alzheimer's disease,AD,DLPFC,Fodder et al. (2026),FALSE,FALSE
AD_DLPFC,salmon,Copper,5,2008,14798,31,1.2254459555956583,0.6024290446457637,0.9277345668544223,AD_DLPFC_salmon,Alzheimer's disease,AD,DLPFC,Fodder et al. (2026),FALSE,FALSE
AD_DLPFC,green,Copper,6,2513,14798,31,1.1736286617661356,0.6378175147124153,0.9277345668544223,AD_DLPFC_green,Alzheimer's disease,AD,DLPFC,Fodder et al. (2026),FALSE,FALSE
AD_DLPFC,midnightblue,Copper,4,1974,14798,31,0.9623605658349849,0.9999999999999998,1,AD_DLPFC_midnightblue,Alzheimer's disease,AD,DLPFC,Fodder et al. (2026),FALSE,FALSE
AD_DLPFC,yellow,Copper,3,1688,14798,31,0.8318744424471215,0.9999999999999999,1,AD_DLPFC_yellow,Alzheimer's disease,AD,DLPFC,Fodder et al. (2026),FALSE,FALSE
AD_DLPFC,purple,Copper,4,1873,14798,31,1.0223739800785998,1.0000000000000002,1,AD_DLPFC_purple,Alzheimer's disease,AD,DLPFC,Fodder et al. (2026),FALSE,FALSE
AD_DLPFC,greenyellow,Core iron,18,1966,14798,90,1.6375046460488647,0.08404089763976269,0.6723271811181015,AD_DLPFC_greenyellow,Alzheimer's disease,AD,DLPFC,Fodder et al. (2026),FALSE,FALSE
AD_DLPFC,purple,Core iron,8,1873,14798,90,0.6718528711917602,0.3409317092249277,0.9243442742085805,AD_DLPFC_purple,Alzheimer's disease,AD,DLPFC,Fodder et al. (2026),FALSE,FALSE
AD_DLPFC,midnightblue,Core iron,14,1974,14798,90,1.1980948450116176,0.5330579173848017,0.9243442742085805,AD_DLPFC_midnightblue,Alzheimer's disease,AD,DLPFC,Fodder et al. (2026),FALSE,FALSE
AD_DLPFC,yellow,Core iron,8,1688,14798,90,0.7565757217921062,0.616305145552412,0.9243442742085805,AD_DLPFC_yellow,Alzheimer's disease,AD,DLPFC,Fodder et al. (2026),FALSE,FALSE
AD_DLPFC,green,Core iron,16,2513,14798,90,1.057361550187295,0.7796624779830948,0.9395014762237327,AD_DLPFC_green,Alzheimer's disease,AD,DLPFC,Fodder et al. (2026),FALSE,FALSE
AD_DLPFC,salmon,Core iron,11,2008,14798,90,0.8862507257001544,0.8770630296945552,0.9395014762237327,AD_DLPFC_salmon,Alzheimer's disease,AD,DLPFC,Fodder et al. (2026),FALSE,FALSE
AD_ERC,darkred,Broad iron,24,1823,14429,126,1.6353441680243133,0.041781869609253404,0.46743029975100114,AD_ERC_darkred,Alzheimer's disease,AD,ERC,Fodder et al. (2026),TRUE,FALSE
AD_ERC,royalblue,Broad iron,28,2516,14429,126,1.3567654696037295,0.15727273969819322,0.9311872090122365,AD_ERC_royalblue,Alzheimer's disease,AD,ERC,Fodder et al. (2026),FALSE,FALSE
AD_ERC,black,Broad iron,19,1623,14429,126,1.4057938550065467,0.2000686044082893,0.9311872090122365,AD_ERC_black,Alzheimer's disease,AD,ERC,Fodder et al. (2026),FALSE,FALSE
AD_ERC,lightyellow,Broad iron,21,1977,14429,126,1.2624460591162723,0.36090577787691247,0.9311872090122365,AD_ERC_lightyellow,Alzheimer's disease,AD,ERC,Fodder et al. (2026),FALSE,FALSE
AD_ERC,blue,Broad iron,22,2140,14429,126,1.2169616261187175,0.37972354478853837,0.9311872090122365,AD_ERC_blue,Alzheimer's disease,AD,ERC,Fodder et al. (2026),FALSE,FALSE
AD_ERC,lightcyan,Broad iron,10,939,14429,126,1.241023443598315,0.4678176835782144,0.9311872090122365,AD_ERC_lightcyan,Alzheimer's disease,AD,ERC,Fodder et al. (2026),FALSE,FALSE
AD_ERC,tan,Broad iron,6,1004,14429,126,0.6665762892428505,0.47872120177525834,0.9311872090122365,AD_ERC_tan,Alzheimer's disease,AD,ERC,Fodder et al. (2026),FALSE,FALSE
AD_ERC,turquoise,Broad iron,19,2599,14429,126,0.8068549201775159,0.48421734868636296,0.9311872090122365,AD_ERC_turquoise,Alzheimer's disease,AD,ERC,Fodder et al. (2026),FALSE,FALSE
AD_ERC,grey60,Broad iron,16,1675,14429,126,1.1085355582619463,0.6750811318395724,0.9999999999999998,AD_ERC_grey60,Alzheimer's disease,AD,ERC,Fodder et al. (2026),FALSE,FALSE
AD_ERC,orange,Broad iron,13,1733,14429,126,0.8416624241601495,0.6793523548248026,0.9999999999999998,AD_ERC_orange,Alzheimer's disease,AD,ERC,Fodder et al. (2026),FALSE,FALSE
AD_ERC,lightgreen,Broad iron,7,1015,14429,126,0.7758503581801633,0.7246707991446758,0.9999999999999998,AD_ERC_lightgreen,Alzheimer's disease,AD,ERC,Fodder et al. (2026),FALSE,FALSE
AD_ERC,midnightblue,Broad iron,7,962,14429,126,0.8221762139533562,0.8566699334199942,0.9999999999999998,AD_ERC_midnightblue,Alzheimer's disease,AD,ERC,Fodder et al. (2026),FALSE,FALSE
AD_ERC,darkgrey,Broad iron,14,1539,14429,126,1.0473857458992202,0.8843717696097441,0.9999999999999998,AD_ERC_darkgrey,Alzheimer's disease,AD,ERC,Fodder et al. (2026),FALSE,FALSE
AD_ERC,pink,Broad iron,17,1923,14429,126,1.0144161520240205,0.8956999606884118,0.9999999999999998,AD_ERC_pink,Alzheimer's disease,AD,ERC,Fodder et al. (2026),FALSE,FALSE
AD_ERC,greenyellow,Broad iron,7,863,14429,126,0.9240689130874117,0.9999999999999996,0.9999999999999998,AD_ERC_greenyellow,Alzheimer's disease,AD,ERC,Fodder et al. (2026),FALSE,FALSE
AD_ERC,cyan,Broad iron,16,1822,14429,126,1.0065033612747927,0.9999999999999997,0.9999999999999998,AD_ERC_cyan,Alzheimer's disease,AD,ERC,Fodder et al. (2026),FALSE,FALSE
AD_ERC,purple,Broad iron,8,931,14429,126,0.9827948389612781,0.9999999999999998,0.9999999999999998,AD_ERC_purple,Alzheimer's disease,AD,ERC,Fodder et al. (2026),FALSE,FALSE
AD_ERC,greenyellow,Copper,6,863,14429,32,3.645405211666969,0.010696350767696199,0.26740876919240497,AD_ERC_greenyellow,Alzheimer's disease,AD,ERC,Fodder et al. (2026),TRUE,FALSE
AD_ERC,lightcyan,Copper,4,939,14429,32,2.0566983215861465,0.15188593376199938,0.8908978141931057,AD_ERC_lightcyan,Alzheimer's disease,AD,ERC,Fodder et al. (2026),FALSE,FALSE
AD_ERC,turquoise,Copper,3,2599,14429,32,0.47028346508467694,0.25409315491984835,0.8908978141931057,AD_ERC_turquoise,Alzheimer's disease,AD,ERC,Fodder et al. (2026),FALSE,FALSE
AD_ERC,grey60,Copper,6,1675,14429,32,1.7597857842968327,0.25998633425905937,0.8908978141931057,AD_ERC_grey60,Alzheimer's disease,AD,ERC,Fodder et al. (2026),FALSE,FALSE
AD_ERC,cyan,Copper,6,1822,14429,32,1.5986662648159198,0.2848760545732501,0.8908978141931057,AD_ERC_cyan,Alzheimer's disease,AD,ERC,Fodder et al. (2026),FALSE,FALSE
AD_ERC,darkred,Copper,6,1823,14429,32,1.5976594806538598,0.2850873005417938,0.8908978141931057,AD_ERC_darkred,Alzheimer's disease,AD,ERC,Fodder et al. (2026),FALSE,FALSE
AD_ERC,tan,Copper,3,1004,14429,32,1.3843622873881163,0.4858006757634629,1,AD_ERC_tan,Alzheimer's disease,AD,ERC,Fodder et al. (2026),FALSE,FALSE
AD_ERC,orange,Copper,5,1733,14429,32,1.3576671875507202,0.5813790601156166,1,AD_ERC_orange,Alzheimer's disease,AD,ERC,Fodder et al. (2026),FALSE,FALSE
AD_ERC,blue,Copper,3,2140,14429,32,0.5935035185393095,0.6159312984998789,1,AD_ERC_blue,Alzheimer's disease,AD,ERC,Fodder et al. (2026),FALSE,FALSE
AD_ERC,royalblue,Copper,4,2516,14429,32,0.6759170118085173,0.6409602882058987,1,AD_ERC_royalblue,Alzheimer's disease,AD,ERC,Fodder et al. (2026),FALSE,FALSE
AD_ERC,midnightblue,Copper,1,962,14429,32,0.4510265043065088,0.7214854846016876,1,AD_ERC_midnightblue,Alzheimer's disease,AD,ERC,Fodder et al. (2026),FALSE,FALSE
AD_ERC,black,Copper,4,1623,14429,32,1.12747287125057,0.7780644816076415,1,AD_ERC_black,Alzheimer's disease,AD,ERC,Fodder et al. (2026),FALSE,FALSE
AD_ERC,pink,Copper,3,1923,14429,32,0.6722687287542327,0.7930140806575757,1,AD_ERC_pink,Alzheimer's disease,AD,ERC,Fodder et al. (2026),FALSE,FALSE
AD_ERC,lightgreen,Copper,2,1015,14429,32,0.8808192357533601,0.9999999999999998,1,AD_ERC_lightgreen,Alzheimer's disease,AD,ERC,Fodder et al. (2026),FALSE,FALSE
AD_ERC,lightyellow,Copper,4,1977,14429,32,0.8995566945605608,0.9999999999999999,1,AD_ERC_lightyellow,Alzheimer's disease,AD,ERC,Fodder et al. (2026),FALSE,FALSE
AD_ERC,purple,Copper,2,931,14429,32,0.9664892107255341,1,1,AD_ERC_purple,Alzheimer's disease,AD,ERC,Fodder et al. (2026),FALSE,FALSE
AD_ERC,darkgrey,Copper,3,1539,14429,32,0.8661677810635099,1.0000000000000002,1,AD_ERC_darkgrey,Alzheimer's disease,AD,ERC,Fodder et al. (2026),FALSE,FALSE
AD_ERC,royalblue,Core iron,22,2516,14429,88,1.583338957839161,0.06678432914336573,0.7514952521895388,AD_ERC_royalblue,Alzheimer's disease,AD,ERC,Fodder et al. (2026),FALSE,FALSE
AD_ERC,orange,Core iron,6,1733,14429,88,0.5344576217009397,0.18521101509082583,0.7514952521895388,AD_ERC_orange,Alzheimer's disease,AD,ERC,Fodder et al. (2026),FALSE,FALSE
AD_ERC,turquoise,Core iron,11,2599,14429,88,0.6487839149904739,0.21041867061307087,0.7514952521895388,AD_ERC_turquoise,Alzheimer's disease,AD,ERC,Fodder et al. (2026),FALSE,FALSE
AD_ERC,darkred,Core iron,14,1823,14429,88,1.3105947522851515,0.3349255797579541,1,AD_ERC_darkred,Alzheimer's disease,AD,ERC,Fodder et al. (2026),FALSE,FALSE
AD_ERC,lightcyan,Core iron,7,939,14429,88,1.243328207104566,0.5153849013828022,1,AD_ERC_lightcyan,Alzheimer's disease,AD,ERC,Fodder et al. (2026),FALSE,FALSE
AD_ERC,lightgreen,Core iron,4,1015,14429,88,0.6278478576692818,0.5274555546304216,1,AD_ERC_lightgreen,Alzheimer's disease,AD,ERC,Fodder et al. (2026),FALSE,FALSE
AD_ERC,lightyellow,Core iron,14,1977,14429,88,1.1929332068899356,0.5335835306369846,1,AD_ERC_lightyellow,Alzheimer's disease,AD,ERC,Fodder et al. (2026),FALSE,FALSE
AD_ERC,pink,Core iron,13,1923,14429,88,1.1280789160658262,0.6382472776321929,1,AD_ERC_pink,Alzheimer's disease,AD,ERC,Fodder et al. (2026),FALSE,FALSE
AD_ERC,midnightblue,Core iron,4,962,14429,88,0.6652222629446083,0.6648842259989097,1,AD_ERC_midnightblue,Alzheimer's disease,AD,ERC,Fodder et al. (2026),FALSE,FALSE
AD_ERC,cyan,Core iron,12,1822,14429,88,1.093162645060455,0.7473584216452575,1,AD_ERC_cyan,Alzheimer's disease,AD,ERC,Fodder et al. (2026),FALSE,FALSE
AD_ERC,blue,Core iron,14,2140,14429,88,1.0870102540323505,0.7633412506558549,1,AD_ERC_blue,Alzheimer's disease,AD,ERC,Fodder et al. (2026),FALSE,FALSE
AD_ERC,greenyellow,Core iron,4,863,14429,88,0.7473843036105662,0.82010034888282,1,AD_ERC_greenyellow,Alzheimer's disease,AD,ERC,Fodder et al. (2026),FALSE,FALSE
AD_ERC,tan,Core iron,5,1004,14429,88,0.8045403330247215,0.8333405743628924,1,AD_ERC_tan,Alzheimer's disease,AD,ERC,Fodder et al. (2026),FALSE,FALSE
AD_ERC,grey60,Core iron,10,1675,14429,88,0.9760536608397739,0.9999999999999996,1,AD_ERC_grey60,Alzheimer's disease,AD,ERC,Fodder et al. (2026),FALSE,FALSE
AD_ERC,black,Core iron,10,1623,14429,88,1.0116521534845229,0.9999999999999998,1,AD_ERC_black,Alzheimer's disease,AD,ERC,Fodder et al. (2026),FALSE,FALSE
AD_ERC,darkgrey,Core iron,9,1539,14429,88,0.9539095996069132,1,1,AD_ERC_darkgrey,Alzheimer's disease,AD,ERC,Fodder et al. (2026),FALSE,FALSE
AD_ERC,purple,Core iron,5,931,14429,88,0.8727170426932063,1.0000000000000002,1,AD_ERC_purple,Alzheimer's disease,AD,ERC,Fodder et al. (2026),FALSE,FALSE
AD_HIPPO,yellow,Broad iron,28,2433,13606,120,1.402237594644284,0.12017415481880424,0.6298166073121092,AD_HIPPO_yellow,Alzheimer's disease,AD,HIPPO,Fodder et al. (2026),FALSE,FALSE
AD_HIPPO,green,Broad iron,13,2113,13606,120,0.6587552323334116,0.16536364624983585,0.6298166073121092,AD_HIPPO_green,Alzheimer's disease,AD,HIPPO,Fodder et al. (2026),FALSE,FALSE
AD_HIPPO,salmon,Broad iron,20,1712,13606,120,1.3940473761249013,0.1681574613637789,0.6298166073121092,AD_HIPPO_salmon,Alzheimer's disease,AD,HIPPO,Fodder et al. (2026),FALSE,FALSE
AD_HIPPO,midnightblue,Broad iron,31,2825,13606,120,1.3328894026260987,0.174949057586697,0.6298166073121092,AD_HIPPO_midnightblue,Alzheimer's disease,AD,HIPPO,Fodder et al. (2026),FALSE,FALSE
AD_HIPPO,magenta,Broad iron,14,1258,13606,120,1.2997040925086014,0.3416973416718764,0.6584896519058788,AD_HIPPO_magenta,Alzheimer's disease,AD,HIPPO,Fodder et al. (2026),FALSE,FALSE
AD_HIPPO,grey60,Broad iron,9,1413,13606,120,0.6977524190361027,0.36710388284259177,0.6584896519058788,AD_HIPPO_grey60,Alzheimer's disease,AD,HIPPO,Fodder et al. (2026),FALSE,FALSE
AD_HIPPO,lightgreen,Broad iron,14,1573,13606,120,1.0104323115690073,0.8867696118026708,1,AD_HIPPO_lightgreen,Alzheimer's disease,AD,HIPPO,Fodder et al. (2026),FALSE,FALSE
AD_HIPPO,brown,Broad iron,12,1386,13606,120,0.9794607924899865,0.9999999999999996,1,AD_HIPPO_brown,Alzheimer's disease,AD,HIPPO,Fodder et al. (2026),FALSE,FALSE
AD_HIPPO,midnightblue,Copper,2,2825,13606,31,0.2626843642879122,0.046973981352048035,0.45001103019158495,AD_HIPPO_midnightblue,Alzheimer's disease,AD,HIPPO,Fodder et al. (2026),FALSE,FALSE
AD_HIPPO,brown,Copper,5,1386,13606,31,1.6979571808629972,0.2389933345301639,0.8515845030288227,AD_HIPPO_brown,Alzheimer's disease,AD,HIPPO,Fodder et al. (2026),FALSE,FALSE
AD_HIPPO,magenta,Copper,4,1258,13606,31,1.455551910376372,0.5262394443368967,0.9438199698930538,AD_HIPPO_magenta,Alzheimer's disease,AD,HIPPO,Fodder et al. (2026),FALSE,FALSE
AD_HIPPO,salmon,Copper,5,1712,13606,31,1.3369938848289333,0.5832830972913974,0.9438199698930538,AD_HIPPO_salmon,Alzheimer's disease,AD,HIPPO,Fodder et al. (2026),FALSE,FALSE
AD_HIPPO,grey60,Copper,2,1413,13606,31,0.5945591728941928,0.7660813247546991,0.9438199698930538,AD_HIPPO_grey60,Alzheimer's disease,AD,HIPPO,Fodder et al. (2026),FALSE,FALSE
AD_HIPPO,lightgreen,Copper,4,1573,13606,31,1.1336000072106498,0.7770986091332752,0.9438199698930538,AD_HIPPO_lightgreen,Alzheimer's disease,AD,HIPPO,Fodder et al. (2026),FALSE,FALSE
AD_HIPPO,green,Copper,5,2113,13606,31,1.0461109331171048,0.8077664247712565,0.9438199698930538,AD_HIPPO_green,Alzheimer's disease,AD,HIPPO,Fodder et al. (2026),FALSE,FALSE
AD_HIPPO,yellow,Copper,5,2433,13606,31,0.8828967307378199,0.9999999999999997,0.9999999999999998,AD_HIPPO_yellow,Alzheimer's disease,AD,HIPPO,Fodder et al. (2026),FALSE,FALSE
AD_HIPPO,yellow,Core iron,22,2433,13606,83,1.662140911815206,0.04446378646632024,0.4001740781968821,AD_HIPPO_yellow,Alzheimer's disease,AD,HIPPO,Fodder et al. (2026),TRUE,FALSE
AD_HIPPO,grey60,Core iron,5,1413,13606,83,0.5515837263490593,0.2754476774708955,0.6991385615672936,AD_HIPPO_grey60,Alzheimer's disease,AD,HIPPO,Fodder et al. (2026),FALSE,FALSE
AD_HIPPO,green,Core iron,9,2113,13606,83,0.6600937398300133,0.2876108166683716,0.6991385615672936,AD_HIPPO_green,Alzheimer's disease,AD,HIPPO,Fodder et al. (2026),FALSE,FALSE
AD_HIPPO,magenta,Core iron,10,1258,13606,83,1.3473226042599378,0.34293978525695434,0.6991385615672936,AD_HIPPO_magenta,Alzheimer's disease,AD,HIPPO,Fodder et al. (2026),FALSE,FALSE
AD_HIPPO,salmon,Core iron,13,1712,13606,83,1.2924291495245226,0.4046974189866874,0.7284553541760372,AD_HIPPO_salmon,Alzheimer's disease,AD,HIPPO,Fodder et al. (2026),FALSE,FALSE
AD_HIPPO,lightgreen,Core iron,8,1573,13606,83,0.8150600309459466,0.7305061026016129,0.90064657704326,AD_HIPPO_lightgreen,Alzheimer's disease,AD,HIPPO,Fodder et al. (2026),FALSE,FALSE
AD_HIPPO,brown,Core iron,9,1386,13606,83,1.0727992639458104,0.8547825997553491,0.9616304247247678,AD_HIPPO_brown,Alzheimer's disease,AD,HIPPO,Fodder et al. (2026),FALSE,FALSE
AD_HIPPO,midnightblue,Core iron,17,2825,13606,83,0.9828775774601924,1.0000000000000002,1,AD_HIPPO_midnightblue,Alzheimer's disease,AD,HIPPO,Fodder et al. (2026),FALSE,FALSE
FTLD1,violet,Broad iron,21,1687,15242,149,1.3222191773030527,0.23692684181574702,0.9710637301335081,FTLD1_violet,Frontotemporal lobar degeneration,FTLD,FTLD1,Fodder et al. (2023),FALSE,FALSE
FTLD1,darkgreen,Broad iron,21,1694,15242,149,1.316001123722357,0.23849263950675356,0.9710637301335081,FTLD1_darkgreen,Frontotemporal lobar degeneration,FTLD,FTLD1,Fodder et al. (2023),FALSE,FALSE
FTLD1,white,Broad iron,5,817,15242,149,0.6106777151611346,0.3598134718419582,0.9710637301335081,FTLD1_white,Frontotemporal lobar degeneration,FTLD,FTLD1,Fodder et al. (2023),FALSE,FALSE
FTLD1,skyblue,Broad iron,15,1870,15242,149,0.7988621750265642,0.5293484716722923,0.9710637301335081,FTLD1_skyblue,Frontotemporal lobar degeneration,FTLD,FTLD1,Fodder et al. (2023),FALSE,FALSE
FTLD1,blue,Broad iron,25,2291,15242,149,1.1412140498546324,0.5640500503709344,0.9710637301335081,FTLD1_blue,Frontotemporal lobar degeneration,FTLD,FTLD1,Fodder et al. (2023),FALSE,FALSE
FTLD1,red,Broad iron,13,1598,15242,149,0.8146791829476998,0.5904221263866994,0.9710637301335081,FTLD1_red,Frontotemporal lobar degeneration,FTLD,FTLD1,Fodder et al. (2023),FALSE,FALSE
FTLD1,brown,Broad iron,16,1890,15242,149,0.8486204077625036,0.6179496464485961,0.9710637301335081,FTLD1_brown,Frontotemporal lobar degeneration,FTLD,FTLD1,Fodder et al. (2023),FALSE,FALSE
FTLD1,grey60,Broad iron,13,1236,15242,149,1.0840231535483684,0.7622344486236444,1,FTLD1_grey60,Frontotemporal lobar degeneration,FTLD,FTLD1,Fodder et al. (2023),FALSE,FALSE
FTLD1,darkturquoise,Broad iron,8,941,15242,149,0.8611011022123128,0.8637423965872452,1,FTLD1_darkturquoise,Frontotemporal lobar degeneration,FTLD,FTLD1,Fodder et al. (2023),FALSE,FALSE
FTLD1,red,Copper,7,1598,15242,29,2.7239866009672893,0.027159687134088346,0.4481348377124577,FTLD1_red,Frontotemporal lobar degeneration,FTLD,FTLD1,Fodder et al. (2023),TRUE,FALSE
FTLD1,white,Copper,3,817,15242,29,2.040929692207047,0.20155912009853547,1,FTLD1_white,Frontotemporal lobar degeneration,FTLD,FTLD1,Fodder et al. (2023),FALSE,FALSE
FTLD1,darkturquoise,Copper,3,941,15242,29,1.7558995269852837,0.4220867393193151,1,FTLD1_darkturquoise,Frontotemporal lobar degeneration,FTLD,FTLD1,Fodder et al. (2023),FALSE,FALSE
FTLD1,violet,Copper,4,1687,15242,29,1.2862500895572369,0.5555563308061089,1,FTLD1_violet,Frontotemporal lobar degeneration,FTLD,FTLD1,Fodder et al. (2023),FALSE,FALSE
FTLD1,darkgreen,Copper,4,1694,15242,29,1.280260198215319,0.556980215790488,1,FTLD1_darkgreen,Frontotemporal lobar degeneration,FTLD,FTLD1,Fodder et al. (2023),FALSE,FALSE
FTLD1,brown,Copper,2,1890,15242,29,0.5228131070856133,0.5716193109740314,1,FTLD1_brown,Frontotemporal lobar degeneration,FTLD,FTLD1,Fodder et al. (2023),FALSE,FALSE
FTLD1,blue,Copper,3,2291,15242,29,0.6518290780246948,0.6102964748473306,1,FTLD1_blue,Frontotemporal lobar degeneration,FTLD,FTLD1,Fodder et al. (2023),FALSE,FALSE
FTLD1,skyblue,Copper,4,1870,15242,29,1.1444080181878982,0.775354056909387,1,FTLD1_skyblue,Frontotemporal lobar degeneration,FTLD,FTLD1,Fodder et al. (2023),FALSE,FALSE
FTLD1,grey60,Copper,2,1236,15242,29,0.8391244391935415,1,1,FTLD1_grey60,Frontotemporal lobar degeneration,FTLD,FTLD1,Fodder et al. (2023),FALSE,FALSE
FTLD1,darkgreen,Core iron,17,1694,15242,101,1.6247687650002067,0.07860293073936482,0.6484741785997598,FTLD1_darkgreen,Frontotemporal lobar degeneration,FTLD,FTLD1,Fodder et al. (2023),FALSE,FALSE
FTLD1,violet,Core iron,15,1687,15242,101,1.405008964845453,0.20569669932497142,0.8484988847155072,FTLD1_violet,Frontotemporal lobar degeneration,FTLD,FTLD1,Fodder et al. (2023),FALSE,FALSE
FTLD1,red,Core iron,8,1598,15242,101,0.7331508181129401,0.5137476253804997,0.9665220238405609,FTLD1_red,Frontotemporal lobar degeneration,FTLD,FTLD1,Fodder et al. (2023),FALSE,FALSE
FTLD1,brown,Core iron,10,1890,15242,101,0.7751464334574495,0.5447834809415728,0.9665220238405609,FTLD1_brown,Frontotemporal lobar degeneration,FTLD,FTLD1,Fodder et al. (2023),FALSE,FALSE
FTLD1,darkturquoise,Core iron,7,941,15242,101,1.132717664662565,0.6778192014963934,0.9665220238405609,FTLD1_darkturquoise,Frontotemporal lobar degeneration,FTLD,FTLD1,Fodder et al. (2023),FALSE,FALSE
FTLD1,blue,Core iron,16,2291,15242,101,1.0645532462783134,0.7804420577079481,0.9665220238405609,FTLD1_blue,Frontotemporal lobar degeneration,FTLD,FTLD1,Fodder et al. (2023),FALSE,FALSE
FTLD1,white,Core iron,4,817,15242,101,0.7267522725674908,0.8225584855641523,0.9665220238405609,FTLD1_white,Frontotemporal lobar degeneration,FTLD,FTLD1,Fodder et al. (2023),FALSE,FALSE
FTLD1,skyblue,Core iron,13,1870,15242,101,1.056773964393791,0.8786563853096007,0.9665220238405609,FTLD1_skyblue,Frontotemporal lobar degeneration,FTLD,FTLD1,Fodder et al. (2023),FALSE,FALSE
FTLD1,grey60,Core iron,8,1236,15242,101,0.9746080919131421,1,1,FTLD1_grey60,Frontotemporal lobar degeneration,FTLD,FTLD1,Fodder et al. (2023),FALSE,FALSE
FTLD2,darkmagenta,Broad iron,21,1063,15193,141,2.352737275411066,0.0011986622333839568,0.05873444943581388,FTLD2_darkmagenta,Frontotemporal lobar degeneration,FTLD,FTLD2,Fodder et al. (2023),TRUE,FALSE
FTLD2,orangered4,Broad iron,15,968,15193,141,1.7611431297560785,0.05333087046166213,0.6685553728841513,FTLD2_orangered4,Frontotemporal lobar degeneration,FTLD,FTLD2,Fodder et al. (2023),FALSE,FALSE
FTLD2,lightcyan1,Broad iron,4,911,15193,141,0.45535618805878253,0.15015480826459737,0.9342867599379219,FTLD2_lightcyan1,Frontotemporal lobar degeneration,FTLD,FTLD2,Fodder et al. (2023),FALSE,FALSE
FTLD2,red,Broad iron,16,1241,15193,141,1.4447289673207602,0.16395851244098045,0.9342867599379219,FTLD2_red,Frontotemporal lobar degeneration,FTLD,FTLD2,Fodder et al. (2023),FALSE,FALSE
FTLD2,paleturquoise,Broad iron,27,2359,15193,141,1.2918412666997472,0.24199647839057759,0.9342867599379219,FTLD2_paleturquoise,Frontotemporal lobar degeneration,FTLD,FTLD2,Fodder et al. (2023),FALSE,FALSE
FTLD2,sienna3,Broad iron,14,1142,15193,141,1.3607137389576422,0.2608933263657605,0.9342867599379219,FTLD2_sienna3,Frontotemporal lobar degeneration,FTLD,FTLD2,Fodder et al. (2023),FALSE,FALSE
FTLD2,steelblue,Broad iron,8,653,15193,141,1.3435133990308876,0.39970910051625674,0.9976342350817698,FTLD2_steelblue,Frontotemporal lobar degeneration,FTLD,FTLD2,Fodder et al. (2023),FALSE,FALSE
FTLD2,blue,Broad iron,20,2594,15193,141,0.8012857191025254,0.43089362264471015,0.9976342350817698,FTLD2_blue,Frontotemporal lobar degeneration,FTLD,FTLD2,Fodder et al. (2023),FALSE,FALSE
FTLD2,ivory,Broad iron,8,692,15193,141,1.263486265042908,0.5381859352819881,0.9976342350817698,FTLD2_ivory,Frontotemporal lobar degeneration,FTLD,FTLD2,Fodder et al. (2023),FALSE,FALSE
FTLD2,darkorange2,Broad iron,11,1488,15193,141,0.7777309319493068,0.5676310696316146,0.9976342350817698,FTLD2_darkorange2,Frontotemporal lobar degeneration,FTLD,FTLD2,Fodder et al. (2023),FALSE,FALSE
FTLD2,darkgrey,Broad iron,13,1648,15193,141,0.8334127892276199,0.68228386378402,0.9976342350817698,FTLD2_darkgrey,Frontotemporal lobar degeneration,FTLD,FTLD2,Fodder et al. (2023),FALSE,FALSE
FTLD2,mediumpurple3,Broad iron,10,1270,15193,141,0.8355700656544109,0.7588874890067344,0.9976342350817698,FTLD2_mediumpurple3,Frontotemporal lobar degeneration,FTLD,FTLD2,Fodder et al. (2023),FALSE,FALSE
FTLD2,plum2,Broad iron,10,1026,15193,141,1.0545941082588457,0.8653657148942527,1,FTLD2_plum2,Frontotemporal lobar degeneration,FTLD,FTLD2,Fodder et al. (2023),FALSE,FALSE
FTLD2,darkorange,Broad iron,7,761,15193,141,0.9905980088697613,0.9999999999999994,1,FTLD2_darkorange,Frontotemporal lobar degeneration,FTLD,FTLD2,Fodder et al. (2023),FALSE,FALSE
FTLD2,midnightblue,Broad iron,10,1070,15193,141,1.0076335866243813,1,1,FTLD2_midnightblue,Frontotemporal lobar degeneration,FTLD,FTLD2,Fodder et al. (2023),FALSE,FALSE
FTLD2,tan,Broad iron,10,1123,15193,141,0.9560178694756634,1.0000000000000002,1,FTLD2_tan,Frontotemporal lobar degeneration,FTLD,FTLD2,Fodder et al. (2023),FALSE,FALSE
FTLD2,darkmagenta,Copper,0,1063,15193,33,0,0.16833335473564517,1,FTLD2_darkmagenta,Frontotemporal lobar degeneration,FTLD,FTLD2,Fodder et al. (2023),FALSE,FALSE
FTLD2,sienna3,Copper,4,1142,15193,33,1.6994520954286625,0.30924482496266353,1,FTLD2_sienna3,Frontotemporal lobar degeneration,FTLD,FTLD2,Fodder et al. (2023),FALSE,FALSE
FTLD2,orangered4,Copper,3,968,15193,33,1.4709234760176806,0.46552298563765626,1,FTLD2_orangered4,Frontotemporal lobar degeneration,FTLD,FTLD2,Fodder et al. (2023),FALSE,FALSE
FTLD2,midnightblue,Copper,3,1070,15193,33,1.3207772684484103,0.5030760842388682,1,FTLD2_midnightblue,Frontotemporal lobar degeneration,FTLD,FTLD2,Fodder et al. (2023),FALSE,FALSE
FTLD2,mediumpurple3,Copper,1,1270,15193,33,0.3420911152256992,0.5208553541466756,1,FTLD2_mediumpurple3,Frontotemporal lobar degeneration,FTLD,FTLD2,Fodder et al. (2023),FALSE,FALSE
FTLD2,darkgrey,Copper,2,1648,15193,33,0.5297083661027921,0.5744938333725965,1,FTLD2_darkgrey,Frontotemporal lobar degeneration,FTLD,FTLD2,Fodder et al. (2023),FALSE,FALSE
FTLD2,steelblue,Copper,2,653,15193,33,1.4378256940838794,0.6520399243197877,1,FTLD2_steelblue,Frontotemporal lobar degeneration,FTLD,FTLD2,Fodder et al. (2023),FALSE,FALSE
FTLD2,darkorange,Copper,2,761,15193,33,1.2240869110383084,0.6806422185422017,1,FTLD2_darkorange,Frontotemporal lobar degeneration,FTLD,FTLD2,Fodder et al. (2023),FALSE,FALSE
FTLD2,lightcyan1,Copper,1,911,15193,33,0.48935552647193986,0.7205072550268233,1,FTLD2_lightcyan1,Frontotemporal lobar degeneration,FTLD,FTLD2,Fodder et al. (2023),FALSE,FALSE
FTLD2,tan,Copper,3,1123,15193,33,1.253549489578811,0.7329287419211484,1,FTLD2_tan,Frontotemporal lobar degeneration,FTLD,FTLD2,Fodder et al. (2023),FALSE,FALSE
FTLD2,red,Copper,3,1241,15193,33,1.124538360175008,0.7488461081060875,1,FTLD2_red,Frontotemporal lobar degeneration,FTLD,FTLD2,Fodder et al. (2023),FALSE,FALSE
FTLD2,paleturquoise,Copper,4,2359,15193,33,0.7499953028174179,0.8097324677533408,1,FTLD2_paleturquoise,Frontotemporal lobar degeneration,FTLD,FTLD2,Fodder et al. (2023),FALSE,FALSE
FTLD2,darkorange2,Copper,3,1488,15193,33,0.92087495425915,0.9999999999999996,1,FTLD2_darkorange2,Frontotemporal lobar degeneration,FTLD,FTLD2,Fodder et al. (2023),FALSE,FALSE
FTLD2,plum2,Copper,2,1026,15193,33,0.8906282963761988,0.9999999999999998,1,FTLD2_plum2,Frontotemporal lobar degeneration,FTLD,FTLD2,Fodder et al. (2023),FALSE,FALSE
FTLD2,blue,Copper,5,2594,15193,33,0.8670692167470057,0.9999999999999999,1,FTLD2_blue,Frontotemporal lobar degeneration,FTLD,FTLD2,Fodder et al. (2023),FALSE,FALSE
FTLD2,ivory,Copper,1,692,15193,33,0.6543601654516047,0.9999999999999999,1,FTLD2_ivory,Frontotemporal lobar degeneration,FTLD,FTLD2,Fodder et al. (2023),FALSE,FALSE
FTLD2,darkmagenta,Core iron,17,1063,15193,96,2.8903453421467113,3.2655625088132774e-4,0.016001256293185058,FTLD2_darkmagenta,Frontotemporal lobar degeneration,FTLD,FTLD2,Fodder et al. (2023),TRUE,TRUE
FTLD2,sienna3,Core iron,12,1142,15193,96,1.7656522973874378,0.07691312400363892,0.738521229073487,FTLD2_sienna3,Frontotemporal lobar degeneration,FTLD,FTLD2,Fodder et al. (2023),FALSE,FALSE
FTLD2,lightcyan1,Core iron,2,911,15193,96,0.3321080485914022,0.128783302784103,0.738521229073487,FTLD2_lightcyan1,Frontotemporal lobar degeneration,FTLD,FTLD2,Fodder et al. (2023),FALSE,FALSE
FTLD2,orangered4,Core iron,10,968,15193,96,1.7160651072330215,0.13564675636043638,0.738521229073487,FTLD2_orangered4,Frontotemporal lobar degeneration,FTLD,FTLD2,Fodder et al. (2023),FALSE,FALSE
FTLD2,paleturquoise,Core iron,20,2359,15193,96,1.435344713308585,0.1568022746777953,0.7683311459211971,FTLD2_paleturquoise,Frontotemporal lobar degeneration,FTLD,FTLD2,Fodder et al. (2023),FALSE,FALSE
FTLD2,steelblue,Core iron,7,653,15193,96,1.7593476954603988,0.19659426015308107,0.8757380679546338,FTLD2_steelblue,Frontotemporal lobar degeneration,FTLD,FTLD2,Fodder et al. (2023),FALSE,FALSE
FTLD2,ivory,Core iron,6,692,15193,96,1.4004335701897714,0.4534897258238212,1,FTLD2_ivory,Frontotemporal lobar degeneration,FTLD,FTLD2,Fodder et al. (2023),FALSE,FALSE
FTLD2,midnightblue,Core iron,8,1070,15193,96,1.201404119125157,0.5491633905704806,1,FTLD2_midnightblue,Frontotemporal lobar degeneration,FTLD,FTLD2,Fodder et al. (2023),FALSE,FALSE
FTLD2,red,Core iron,9,1241,15193,96,1.1641997343936075,0.5778338177880605,1,FTLD2_red,Frontotemporal lobar degeneration,FTLD,FTLD2,Fodder et al. (2023),FALSE,FALSE
FTLD2,plum2,Core iron,5,1026,15193,96,0.757498411233362,0.6849716334440906,1,FTLD2_plum2,Frontotemporal lobar degeneration,FTLD,FTLD2,Fodder et al. (2023),FALSE,FALSE
FTLD2,darkorange,Core iron,5,761,15193,96,1.0422968195153814,0.8145819211109452,1,FTLD2_darkorange,Frontotemporal lobar degeneration,FTLD,FTLD2,Fodder et al. (2023),FALSE,FALSE
FTLD2,blue,Core iron,17,2594,15193,96,1.0454741040457947,0.89161129352711,1,FTLD2_blue,Frontotemporal lobar degeneration,FTLD,FTLD2,Fodder et al. (2023),FALSE,FALSE
FTLD2,mediumpurple3,Core iron,8,1270,15193,96,0.9966145352713919,0.9999999999999997,1,FTLD2_mediumpurple3,Frontotemporal lobar degeneration,FTLD,FTLD2,Fodder et al. (2023),FALSE,FALSE
FTLD2,tan,Core iron,7,1123,15193,96,0.9853316904625555,0.9999999999999999,1,FTLD2_tan,Frontotemporal lobar degeneration,FTLD,FTLD2,Fodder et al. (2023),FALSE,FALSE
FTLD2,darkgrey,Core iron,10,1648,15193,96,0.955433682359888,1,1,FTLD2_darkgrey,Frontotemporal lobar degeneration,FTLD,FTLD2,Fodder et al. (2023),FALSE,FALSE
FTLD2,darkorange2,Core iron,9,1488,15193,96,0.9525083334655108,1.0000000000000004,1,FTLD2_darkorange2,Frontotemporal lobar degeneration,FTLD,FTLD2,Fodder et al. (2023),FALSE,FALSE
FTLD3,black,Broad iron,63,5371,15037,141,1.4588565955723272,0.02737906925945234,0.24321352685865671,FTLD3_black,Frontotemporal lobar degeneration,FTLD,FTLD3,Fodder et al. (2023),TRUE,FALSE
FTLD3,turquoise,Broad iron,64,5506,15037,141,1.44383962252876,0.03474478955123667,0.24321352685865671,FTLD3_turquoise,Frontotemporal lobar degeneration,FTLD,FTLD3,Fodder et al. (2023),TRUE,FALSE
FTLD3,purple,Broad iron,33,4301,15037,141,0.7609130530592043,0.19002246991369776,0.6836988554410423,FTLD3_purple,Frontotemporal lobar degeneration,FTLD,FTLD3,Fodder et al. (2023),FALSE,FALSE
FTLD3,brown,Broad iron,4,842,15037,141,0.48980070387990404,0.19534253012601208,0.6836988554410423,FTLD3_brown,Frontotemporal lobar degeneration,FTLD,FTLD3,Fodder et al. (2023),FALSE,FALSE
FTLD3,magenta,Broad iron,30,2685,15037,141,1.246073646125248,0.2711022154020423,0.7590862031257185,FTLD3_magenta,Frontotemporal lobar degeneration,FTLD,FTLD3,Fodder et al. (2023),FALSE,FALSE
FTLD3,salmon,Broad iron,11,1418,15037,141,0.811198713750864,0.66288949180014,0.9515476844797813,FTLD3_salmon,Frontotemporal lobar degeneration,FTLD,FTLD3,Fodder et al. (2023),FALSE,FALSE
FTLD3,yellow,Broad iron,11,1082,15037,141,1.0922248475043967,0.7426288925749512,0.9515476844797813,FTLD3_yellow,Frontotemporal lobar degeneration,FTLD,FTLD3,Fodder et al. (2023),FALSE,FALSE
FTLD3,cyan,Broad iron,11,1108,15037,141,1.0643859867621916,0.7476446092341139,0.9515476844797813,FTLD3_cyan,Frontotemporal lobar degeneration,FTLD,FTLD3,Fodder et al. (2023),FALSE,FALSE
FTLD3,blue,Broad iron,66,7057,15037,141,0.9950509673471191,0.9999999999999998,0.9999999999999998,FTLD3_blue,Frontotemporal lobar degeneration,FTLD,FTLD3,Fodder et al. (2023),FALSE,FALSE
FTLD3,pink,Broad iron,46,4871,15037,141,1.010669695564827,0.9999999999999998,0.9999999999999998,FTLD3_pink,Frontotemporal lobar degeneration,FTLD,FTLD3,Fodder et al. (2023),FALSE,FALSE
FTLD3,purple,Copper,5,4301,15037,30,0.4986693835379267,0.16280821661690356,1,FTLD3_purple,Frontotemporal lobar degeneration,FTLD,FTLD3,Fodder et al. (2023),FALSE,FALSE
FTLD3,salmon,Copper,1,1418,15037,30,0.3307289321498412,0.3581537748055048,1,FTLD3_salmon,Frontotemporal lobar degeneration,FTLD,FTLD3,Fodder et al. (2023),FALSE,FALSE
FTLD3,turquoise,Copper,13,5506,15037,30,1.3244296225036447,0.4527082088224935,1,FTLD3_turquoise,Frontotemporal lobar degeneration,FTLD,FTLD3,Fodder et al. (2023),FALSE,FALSE
FTLD3,magenta,Copper,7,2685,15037,30,1.4011226061022797,0.4713660918625555,1,FTLD3_magenta,Frontotemporal lobar degeneration,FTLD,FTLD3,Fodder et al. (2023),FALSE,FALSE
FTLD3,yellow,Copper,3,1082,15037,30,1.4341966778458655,0.4739075597083458,1,FTLD3_yellow,Frontotemporal lobar degeneration,FTLD,FTLD3,Fodder et al. (2023),FALSE,FALSE
FTLD3,pink,Copper,9,4871,15037,30,0.8942629581362956,0.8477508821190406,1,FTLD3_pink,Frontotemporal lobar degeneration,FTLD,FTLD3,Fodder et al. (2023),FALSE,FALSE
FTLD3,brown,Copper,1,842,15037,30,0.58084025620983315,0.9999999999999996,1,FTLD3_brown,Frontotemporal lobar degeneration,FTLD,FTLD3,Fodder et al. (2023),FALSE,FALSE
FTLD3,black,Copper,11,5371,15037,30,1.0419724472098353,0.9999999999999997,1,FTLD3_black,Frontotemporal lobar degeneration,FTLD,FTLD3,Fodder et al. (2023),FALSE,FALSE
FTLD3,cyan,Copper,2,1108,15037,30,0.8977679709195737,1,1,FTLD3_cyan,Frontotemporal lobar degeneration,FTLD,FTLD3,Fodder et al. (2023),FALSE,FALSE
FTLD3,blue,Copper,14,7057,15037,30,0.9894221986504054,1.0000000000000002,1,FTLD3_blue,Frontotemporal lobar degeneration,FTLD,FTLD3,Fodder et al. (2023),FALSE,FALSE
FTLD3,black,Core iron,47,5371,15037,98,1.6643459376398566,0.014569412109452486,0.10551439988260278,FTLD3_black,Frontotemporal lobar degeneration,FTLD,FTLD3,Fodder et al. (2023),TRUE,FALSE
FTLD3,turquoise,Core iron,48,5506,15037,98,1.6674587576589814,0.015073485697514682,0.10551439988260278,FTLD3_turquoise,Frontotemporal lobar degeneration,FTLD,FTLD3,Fodder et al. (2023),TRUE,FALSE
FTLD3,magenta,Core iron,23,2685,15037,98,1.4142920342403795,0.14618570306128606,0.4953165803198883,FTLD3_magenta,Frontotemporal lobar degeneration,FTLD,FTLD3,Fodder et al. (2023),FALSE,FALSE
FTLD3,brown,Core iron,2,842,15037,98,0.3496933336153673,0.1800923872720589,0.4953165803198883,FTLD3_brown,Frontotemporal lobar degeneration,FTLD,FTLD3,Fodder et al. (2023),FALSE,FALSE
FTLD3,purple,Core iron,22,4301,15037,98,0.7211871155366222,0.21683585012109385,0.4953165803198883,FTLD3_purple,Frontotemporal lobar degeneration,FTLD,FTLD3,Fodder et al. (2023),FALSE,FALSE
FTLD3,cyan,Core iron,10,1108,15037,98,1.4324080259885421,0.24765829015994414,0.4953165803198883,FTLD3_cyan,Frontotemporal lobar degeneration,FTLD,FTLD3,Fodder et al. (2023),FALSE,FALSE
FTLD3,pink,Core iron,27,4871,15037,98,0.7925505780392442,0.3311401457768425,0.5151068934306439,FTLD3_pink,Frontotemporal lobar degeneration,FTLD,FTLD3,Fodder et al. (2023),FALSE,FALSE
FTLD3,salmon,Core iron,7,1418,15037,98,0.7375378318606042,0.6011133414345126,0.8005109103849973,FTLD3_salmon,Frontotemporal lobar degeneration,FTLD,FTLD3,Fodder et al. (2023),FALSE,FALSE
FTLD3,blue,Core iron,48,7057,15037,98,1.0861325809529803,0.6861522089014263,0.8005109103849973,FTLD3_blue,Frontotemporal lobar degeneration,FTLD,FTLD3,Fodder et al. (2023),FALSE,FALSE
FTLD3,yellow,Core iron,7,1082,15037,98,0.9920577422164493,1.0000000000000007,1,FTLD3_yellow,Frontotemporal lobar degeneration,FTLD,FTLD3,Fodder et al. (2023),FALSE,FALSE
MSA,violet,Broad iron,20,1461,15579,142,1.5921762301570523,0.05954997326587467,0.8750018554704485,MSA_violet,Movement disorders,MSA,Movement-disorder network,Murthy et al. (2024),FALSE,FALSE
MSA,white,Broad iron,27,2379,15579,142,1.3061521366499589,0.2399138091872835,0.8750018554704485,MSA_white,Movement disorders,MSA,Movement-disorder network,Murthy et al. (2024),FALSE,FALSE
MSA,darkturquoise,Broad iron,8,694,15579,142,1.2837313015493874,0.4168375962787968,0.8750018554704485,MSA_darkturquoise,Movement disorders,MSA,Movement-disorder network,Murthy et al. (2024),FALSE,FALSE
MSA,lightcyan,Broad iron,8,1216,15579,142,0.7032083555869739,0.43073306807759076,0.8750018554704485,MSA_lightcyan,Movement disorders,MSA,Movement-disorder network,Murthy et al. (2024),FALSE,FALSE
MSA,saddlebrown,Broad iron,19,1854,15579,142,1.144996590432652,0.6015637756359333,0.8750018554704485,MSA_saddlebrown,Movement disorders,MSA,Movement-disorder network,Murthy et al. (2024),FALSE,FALSE
MSA,darkgreen,Broad iron,5,668,15579,142,0.8132756515869423,0.8352466152470142,0.9545675602823018,MSA_darkgreen,Movement disorders,MSA,Movement-disorder network,Murthy et al. (2024),FALSE,FALSE
MSA,midnightblue,Broad iron,6,697,15579,142,0.9414775662240342,1.0000000000000002,1,MSA_midnightblue,Movement disorders,MSA,Movement-disorder network,Murthy et al. (2024),FALSE,FALSE
MSA,violet,Copper,1,1461,15579,28,0.3574737772600648,0.5123037001350587,1,MSA_violet,Movement disorders,MSA,Movement-disorder network,Murthy et al. (2024),FALSE,FALSE
MSA,saddlebrown,Copper,2,1854,15579,28,0.5690069543900234,0.7673430990185015,1,MSA_saddlebrown,Movement disorders,MSA,Movement-disorder network,Murthy et al. (2024),FALSE,FALSE
MSA,white,Copper,4,2379,15579,28,0.9246178741215952,0.9999999999999998,1,MSA_white,Movement disorders,MSA,Movement-disorder network,Murthy et al. (2024),FALSE,FALSE
MSA,darkturquoise,Copper,1,694,15579,28,0.7940863282014554,0.9999999999999999,1,MSA_darkturquoise,Movement disorders,MSA,Movement-disorder network,Murthy et al. (2024),FALSE,FALSE
MSA,lightcyan,Copper,2,1216,15579,28,0.9084418744500635,1,1,MSA_lightcyan,Movement disorders,MSA,Movement-disorder network,Murthy et al. (2024),FALSE,FALSE
MSA,midnightblue,Copper,1,697,15579,28,0.7905039689285633,1,1,MSA_midnightblue,Movement disorders,MSA,Movement-disorder network,Murthy et al. (2024),FALSE,FALSE
MSA,darkgreen,Copper,1,668,15579,28,0.8264831368271982,1.0000000000000002,1,MSA_darkgreen,Movement disorders,MSA,Movement-disorder network,Murthy et al. (2024),FALSE,FALSE
MSA,violet,Core iron,16,1461,15579,100,1.8497805811779144,0.03615854323173722,0.5817590924655259,MSA_violet,Movement disorders,MSA,Movement-disorder network,Murthy et al. (2024),TRUE,FALSE
MSA,white,Core iron,20,2379,15579,100,1.3903843012369976,0.20765173932545655,0.6288562657259181,MSA_white,Movement disorders,MSA,Movement-disorder network,Murthy et al. (2024),FALSE,FALSE
MSA,darkturquoise,Core iron,7,694,15579,100,1.6205580839189588,0.21690743015944355,0.6288562657259181,MSA_darkturquoise,Movement disorders,MSA,Movement-disorder network,Murthy et al. (2024),FALSE,FALSE
MSA,saddlebrown,Core iron,15,1854,15579,100,1.3088680617229953,0.35055533087916396,0.6288562657259181,MSA_saddlebrown,Movement disorders,MSA,Movement-disorder network,Murthy et al. (2024),FALSE,FALSE
MSA,lightcyan,Core iron,5,1216,15579,100,0.6201480142884711,0.35373164947082897,0.6288562657259181,MSA_lightcyan,Movement disorders,MSA,Movement-disorder network,Murthy et al. (2024),FALSE,FALSE
MSA,darkgreen,Core iron,2,668,15579,100,0.4539294418161841,0.44993538391830296,0.6856158231136045,MSA_darkgreen,Movement disorders,MSA,Movement-disorder network,Murthy et al. (2024),FALSE,FALSE
MSA,midnightblue,Core iron,5,697,15579,100,1.1246480445822993,0.8054359170357239,0.991305744043968,MSA_midnightblue,Movement disorders,MSA,Movement-disorder network,Murthy et al. (2024),FALSE,FALSE
PD,white,Broad iron,27,2379,15579,142,1.3061521366499589,0.2399138091872835,0.8750018554704485,PD_white,Movement disorders,PD,Movement-disorder network,Murthy et al. (2024),FALSE,FALSE
PD,darkgrey,Broad iron,27,2510,15579,142,1.2248395145616742,0.3582298392585684,0.8750018554704485,PD_darkgrey,Movement disorders,PD,Movement-disorder network,Murthy et al. (2024),FALSE,FALSE
PD,darkturquoise,Broad iron,8,694,15579,142,1.2837313015493874,0.4168375962787968,0.8750018554704485,PD_darkturquoise,Movement disorders,PD,Movement-disorder network,Murthy et al. (2024),FALSE,FALSE
PD,lightcyan,Broad iron,8,1216,15579,142,0.7032083555869739,0.43073306807759076,0.8750018554704485,PD_lightcyan,Movement disorders,PD,Movement-disorder network,Murthy et al. (2024),FALSE,FALSE
PD,darkred,Broad iron,14,1864,15579,142,0.8033043960483139,0.516412074591382,0.8750018554704485,PD_darkred,Movement disorders,PD,Movement-disorder network,Murthy et al. (2024),FALSE,FALSE
PD,darkgreen,Broad iron,5,668,15579,142,0.8132756515869423,0.8352466152470142,0.9545675602823018,PD_darkgreen,Movement disorders,PD,Movement-disorder network,Murthy et al. (2024),FALSE,FALSE
PD,darkgrey,Copper,2,2510,15579,28,0.4000582686668563,0.300717966608975,1,PD_darkgrey,Movement disorders,PD,Movement-disorder network,Murthy et al. (2024),FALSE,FALSE
PD,darkred,Copper,2,1864,15579,28,0.5655380957798806,0.5705872754768325,1,PD_darkred,Movement disorders,PD,Movement-disorder network,Murthy et al. (2024),FALSE,FALSE
PD,white,Copper,4,2379,15579,28,0.9246178741215952,0.9999999999999998,1,PD_white,Movement disorders,PD,Movement-disorder network,Murthy et al. (2024),FALSE,FALSE
PD,darkturquoise,Copper,1,694,15579,28,0.7940863282014554,0.9999999999999999,1,PD_darkturquoise,Movement disorders,PD,Movement-disorder network,Murthy et al. (2024),FALSE,FALSE
PD,lightcyan,Copper,2,1216,15579,28,0.9084418744500635,1,1,PD_lightcyan,Movement disorders,PD,Movement-disorder network,Murthy et al. (2024),FALSE,FALSE
PD,darkgreen,Copper,1,668,15579,28,0.8264831368271982,1.0000000000000002,1,PD_darkgreen,Movement disorders,PD,Movement-disorder network,Murthy et al. (2024),FALSE,FALSE
PD,darkred,Core iron,7,1864,15579,100,0.5521508703366572,0.1619159620540575,0.6288562657259181,PD_darkred,Movement disorders,PD,Movement-disorder network,Murthy et al. (2024),FALSE,FALSE
PD,white,Core iron,20,2379,15579,100,1.3903843012369976,0.20765173932545655,0.6288562657259181,PD_white,Movement disorders,PD,Movement-disorder network,Murthy et al. (2024),FALSE,FALSE
PD,darkturquoise,Core iron,7,694,15579,100,1.6205580839189588,0.21690743015944355,0.6288562657259181,PD_darkturquoise,Movement disorders,PD,Movement-disorder network,Murthy et al. (2024),FALSE,FALSE
PD,darkgrey,Core iron,20,2510,15579,100,1.3040911215855389,0.2763255342307909,0.6288562657259181,PD_darkgrey,Movement disorders,PD,Movement-disorder network,Murthy et al. (2024),FALSE,FALSE
PD,lightcyan,Core iron,5,1216,15579,100,0.6201480142884711,0.35373164947082897,0.6288562657259181,PD_lightcyan,Movement disorders,PD,Movement-disorder network,Murthy et al. (2024),FALSE,FALSE
PD,darkgreen,Core iron,2,668,15579,100,0.4539294418161841,0.44993538391830296,0.6856158231136045,PD_darkgreen,Movement disorders,PD,Movement-disorder network,Murthy et al. (2024),FALSE,FALSE
PSP,pink,Broad iron,22,1729,15579,142,1.4745643765137897,0.10573227596216228,0.8750018554704485,PSP_pink,Movement disorders,PSP,Movement-disorder network,Murthy et al. (2024),FALSE,FALSE
PSP,skyblue,Broad iron,23,1941,15579,142,1.3622791744697484,0.19995470474123433,0.8750018554704485,PSP_skyblue,Movement disorders,PSP,Movement-disorder network,Murthy et al. (2024),FALSE,FALSE
PSP,darkorange,Broad iron,3,730,15579,142,0.4367178270055694,0.22525827373034227,0.8750018554704485,PSP_darkorange,Movement disorders,PSP,Movement-disorder network,Murthy et al. (2024),FALSE,FALSE
PSP,darkgrey,Broad iron,27,2510,15579,142,1.2248395145616742,0.3582298392585684,0.8750018554704485,PSP_darkgrey,Movement disorders,PSP,Movement-disorder network,Murthy et al. (2024),FALSE,FALSE
PSP,lightcyan,Broad iron,8,1216,15579,142,0.7032083555869739,0.43073306807759076,0.8750018554704485,PSP_lightcyan,Movement disorders,PSP,Movement-disorder network,Murthy et al. (2024),FALSE,FALSE
PSP,darkred,Broad iron,14,1864,15579,142,0.8033043960483139,0.516412074591382,0.8750018554704485,PSP_darkred,Movement disorders,PSP,Movement-disorder network,Murthy et al. (2024),FALSE,FALSE
PSP,lightgreen,Broad iron,6,864,15579,142,0.7496437483370807,0.7104014906623539,0.909313908047813,PSP_lightgreen,Movement disorders,PSP,Movement-disorder network,Murthy et al. (2024),FALSE,FALSE
PSP,steelblue,Broad iron,18,1883,15579,142,1.0563803111740688,0.7960053776600106,0.9434137809303829,PSP_steelblue,Movement disorders,PSP,Movement-disorder network,Murthy et al. (2024),FALSE,FALSE
PSP,black,Broad iron,11,1161,15579,142,1.0432030445379612,0.8719737803942346,0.9621779645729485,PSP_black,Movement disorders,PSP,Movement-disorder network,Murthy et al. (2024),FALSE,FALSE
PSP,black,Copper,5,1161,15579,28,2.7067300787994313,0.05336245930268144,1,PSP_black,Movement disorders,PSP,Movement-disorder network,Murthy et al. (2024),FALSE,FALSE
PSP,pink,Copper,6,1729,15579,28,2.1886360452559224,0.11974169090344282,1,PSP_pink,Movement disorders,PSP,Movement-disorder network,Murthy et al. (2024),FALSE,FALSE
PSP,darkgrey,Copper,2,2510,15579,28,0.4000582686668563,0.300717966608975,1,PSP_darkgrey,Movement disorders,PSP,Movement-disorder network,Murthy et al. (2024),FALSE,FALSE
PSP,skyblue,Copper,5,1941,15579,28,1.5287575140111678,0.385217877149296,1,PSP_skyblue,Movement disorders,PSP,Movement-disorder network,Murthy et al. (2024),FALSE,FALSE
PSP,lightgreen,Copper,0,864,15579,28,0,0.4031238351862751,1,PSP_lightgreen,Movement disorders,PSP,Movement-disorder network,Murthy et al. (2024),FALSE,FALSE
PSP,darkred,Copper,2,1864,15579,28,0.5655380957798806,0.5705872754768325,1,PSP_darkred,Movement disorders,PSP,Movement-disorder network,Murthy et al. (2024),FALSE,FALSE
PSP,steelblue,Copper,4,1883,15579,28,1.2126849121511891,0.7688130724143003,1,PSP_steelblue,Movement disorders,PSP,Movement-disorder network,Murthy et al. (2024),FALSE,FALSE
PSP,darkorange,Copper,1,730,15579,28,0.7530437398013943,0.9999999999999998,1,PSP_darkorange,Movement disorders,PSP,Movement-disorder network,Murthy et al. (2024),FALSE,FALSE
PSP,lightcyan,Copper,2,1216,15579,28,0.9084418744500635,1,1,PSP_lightcyan,Movement disorders,PSP,Movement-disorder network,Murthy et al. (2024),FALSE,FALSE
PSP,pink,Core iron,18,1729,15579,100,1.766277853891824,0.03635994327909537,0.5817590924655259,PSP_pink,Movement disorders,PSP,Movement-disorder network,Murthy et al. (2024),TRUE,FALSE
PSP,darkred,Core iron,7,1864,15579,100,0.5521508703366572,0.1619159620540575,0.6288562657259181,PSP_darkred,Movement disorders,PSP,Movement-disorder network,Murthy et al. (2024),FALSE,FALSE
PSP,skyblue,Core iron,17,1941,15579,100,1.4429523056443652,0.17090222491079876,0.6288562657259181,PSP_skyblue,Movement disorders,PSP,Movement-disorder network,Murthy et al. (2024),FALSE,FALSE
PSP,steelblue,Core iron,16,1883,15579,100,1.388694175734173,0.2190126608060868,0.6288562657259181,PSP_steelblue,Movement disorders,PSP,Movement-disorder network,Murthy et al. (2024),FALSE,FALSE
PSP,darkgrey,Core iron,20,2510,15579,100,1.3040911215855389,0.2763255342307909,0.6288562657259181,PSP_darkgrey,Movement disorders,PSP,Movement-disorder network,Murthy et al. (2024),FALSE,FALSE
PSP,darkorange,Core iron,2,730,15579,100,0.4135336671474557,0.33492919481520544,0.6288562657259181,PSP_darkorange,Movement disorders,PSP,Movement-disorder network,Murthy et al. (2024),FALSE,FALSE
PSP,black,Core iron,10,1161,15579,100,1.3831028600483426,0.3355765171811578,0.6288562657259181,PSP_black,Movement disorders,PSP,Movement-disorder network,Murthy et al. (2024),FALSE,FALSE
PSP,lightcyan,Core iron,5,1216,15579,100,0.6201480142884711,0.35373164947082897,0.6288562657259181,PSP_lightcyan,Movement disorders,PSP,Movement-disorder network,Murthy et al. (2024),FALSE,FALSE
PSP,lightgreen,Core iron,3,864,15579,100,0.5250927577392187,0.37797359273167974,0.6365871035480921,PSP_lightgreen,Movement disorders,PSP,Movement-disorder network,Murthy et al. (2024),FALSE,FALSE
