module_order,module_id,disease_group,disease_or_comparison,dataset_or_network,network_id,disease_trait,module,module_label,modules_tested,bonferroni_threshold,selection_method,selection_threshold,source_study
1,AD_DLPFC_purple,Alzheimer's disease,AD,DLPFC,AD_DLPFC,AD,purple,Purple,16,0.003125,Network-specific Bonferroni correction,0.003125,Fodder et al. (2026)
2,AD_DLPFC_yellow,Alzheimer's disease,AD,DLPFC,AD_DLPFC,AD,yellow,Yellow,16,0.003125,Network-specific Bonferroni correction,0.003125,Fodder et al. (2026)
3,AD_DLPFC_midnightblue,Alzheimer's disease,AD,DLPFC,AD_DLPFC,AD,midnightblue,Midnightblue,16,0.003125,Network-specific Bonferroni correction,0.003125,Fodder et al. (2026)
4,AD_DLPFC_green,Alzheimer's disease,AD,DLPFC,AD_DLPFC,AD,green,Green,16,0.003125,Network-specific Bonferroni correction,0.003125,Fodder et al. (2026)
5,AD_DLPFC_greenyellow,Alzheimer's disease,AD,DLPFC,AD_DLPFC,AD,greenyellow,Greenyellow,16,0.003125,Network-specific Bonferroni correction,0.003125,Fodder et al. (2026)
6,AD_DLPFC_salmon,Alzheimer's disease,AD,DLPFC,AD_DLPFC,AD,salmon,Salmon,16,0.003125,Network-specific Bonferroni correction,0.003125,Fodder et al. (2026)
1,AD_ERC_purple,Alzheimer's disease,AD,ERC,AD_ERC,AD,purple,Purple,25,0.002,Network-specific Bonferroni correction,0.002,Fodder et al. (2026)
2,AD_ERC_lightgreen,Alzheimer's disease,AD,ERC,AD_ERC,AD,lightgreen,Lightgreen,25,0.002,Network-specific Bonferroni correction,0.002,Fodder et al. (2026)
3,AD_ERC_pink,Alzheimer's disease,AD,ERC,AD_ERC,AD,pink,Pink,25,0.002,Network-specific Bonferroni correction,0.002,Fodder et al. (2026)
4,AD_ERC_black,Alzheimer's disease,AD,ERC,AD_ERC,AD,black,Black,25,0.002,Network-specific Bonferroni correction,0.002,Fodder et al. (2026)
5,AD_ERC_lightyellow,Alzheimer's disease,AD,ERC,AD_ERC,AD,lightyellow,Lightyellow,25,0.002,Network-specific Bonferroni correction,0.002,Fodder et al. (2026)
6,AD_ERC_turquoise,Alzheimer's disease,AD,ERC,AD_ERC,AD,turquoise,Turquoise,25,0.002,Network-specific Bonferroni correction,0.002,Fodder et al. (2026)
7,AD_ERC_midnightblue,Alzheimer's disease,AD,ERC,AD_ERC,AD,midnightblue,Midnightblue,25,0.002,Network-specific Bonferroni correction,0.002,Fodder et al. (2026)
8,AD_ERC_tan,Alzheimer's disease,AD,ERC,AD_ERC,AD,tan,Tan,25,0.002,Network-specific Bonferroni correction,0.002,Fodder et al. (2026)
9,AD_ERC_greenyellow,Alzheimer's disease,AD,ERC,AD_ERC,AD,greenyellow,Greenyellow,25,0.002,Network-specific Bonferroni correction,0.002,Fodder et al. (2026)
10,AD_ERC_lightcyan,Alzheimer's disease,AD,ERC,AD_ERC,AD,lightcyan,Lightcyan,25,0.002,Network-specific Bonferroni correction,0.002,Fodder et al. (2026)
11,AD_ERC_darkred,Alzheimer's disease,AD,ERC,AD_ERC,AD,darkred,Darkred,25,0.002,Network-specific Bonferroni correction,0.002,Fodder et al. (2026)
12,AD_ERC_grey60,Alzheimer's disease,AD,ERC,AD_ERC,AD,grey60,Grey60,25,0.002,Network-specific Bonferroni correction,0.002,Fodder et al. (2026)
13,AD_ERC_orange,Alzheimer's disease,AD,ERC,AD_ERC,AD,orange,Orange,25,0.002,Network-specific Bonferroni correction,0.002,Fodder et al. (2026)
14,AD_ERC_blue,Alzheimer's disease,AD,ERC,AD_ERC,AD,blue,Blue,25,0.002,Network-specific Bonferroni correction,0.002,Fodder et al. (2026)
15,AD_ERC_cyan,Alzheimer's disease,AD,ERC,AD_ERC,AD,cyan,Cyan,25,0.002,Network-specific Bonferroni correction,0.002,Fodder et al. (2026)
16,AD_ERC_darkgrey,Alzheimer's disease,AD,ERC,AD_ERC,AD,darkgrey,Darkgrey,25,0.002,Network-specific Bonferroni correction,0.002,Fodder et al. (2026)
17,AD_ERC_royalblue,Alzheimer's disease,AD,ERC,AD_ERC,AD,royalblue,Royalblue,25,0.002,Network-specific Bonferroni correction,0.002,Fodder et al. (2026)
1,AD_HIPPO_midnightblue,Alzheimer's disease,AD,HIPPO,AD_HIPPO,AD,midnightblue,Midnightblue,18,0.002777777777777778,Network-specific Bonferroni correction,0.002777777777777778,Fodder et al. (2026)
2,AD_HIPPO_grey60,Alzheimer's disease,AD,HIPPO,AD_HIPPO,AD,grey60,Grey60,18,0.002777777777777778,Network-specific Bonferroni correction,0.002777777777777778,Fodder et al. (2026)
3,AD_HIPPO_salmon,Alzheimer's disease,AD,HIPPO,AD_HIPPO,AD,salmon,Salmon,18,0.002777777777777778,Network-specific Bonferroni correction,0.002777777777777778,Fodder et al. (2026)
4,AD_HIPPO_magenta,Alzheimer's disease,AD,HIPPO,AD_HIPPO,AD,magenta,Magenta,18,0.002777777777777778,Network-specific Bonferroni correction,0.002777777777777778,Fodder et al. (2026)
5,AD_HIPPO_lightgreen,Alzheimer's disease,AD,HIPPO,AD_HIPPO,AD,lightgreen,Lightgreen,18,0.002777777777777778,Network-specific Bonferroni correction,0.002777777777777778,Fodder et al. (2026)
6,AD_HIPPO_yellow,Alzheimer's disease,AD,HIPPO,AD_HIPPO,AD,yellow,Yellow,18,0.002777777777777778,Network-specific Bonferroni correction,0.002777777777777778,Fodder et al. (2026)
7,AD_HIPPO_green,Alzheimer's disease,AD,HIPPO,AD_HIPPO,AD,green,Green,18,0.002777777777777778,Network-specific Bonferroni correction,0.002777777777777778,Fodder et al. (2026)
8,AD_HIPPO_brown,Alzheimer's disease,AD,HIPPO,AD_HIPPO,AD,brown,Brown,18,0.002777777777777778,Network-specific Bonferroni correction,0.002777777777777778,Fodder et al. (2026)
1,FTLD1_darkturquoise,Frontotemporal lobar degeneration,FTLD,FTLD1,FTLD1,FTLD,darkturquoise,Darkturquoise,33,0.0015151515151515152,Network-specific Bonferroni correction,0.0015151515151515152,Fodder et al. (2023)
2,FTLD1_skyblue,Frontotemporal lobar degeneration,FTLD,FTLD1,FTLD1,FTLD,skyblue,Skyblue,33,0.0015151515151515152,Network-specific Bonferroni correction,0.0015151515151515152,Fodder et al. (2023)
3,FTLD1_white,Frontotemporal lobar degeneration,FTLD,FTLD1,FTLD1,FTLD,white,White,33,0.0015151515151515152,Network-specific Bonferroni correction,0.0015151515151515152,Fodder et al. (2023)
4,FTLD1_brown,Frontotemporal lobar degeneration,FTLD,FTLD1,FTLD1,FTLD,brown,Brown,33,0.0015151515151515152,Network-specific Bonferroni correction,0.0015151515151515152,Fodder et al. (2023)
5,FTLD1_violet,Frontotemporal lobar degeneration,FTLD,FTLD1,FTLD1,FTLD,violet,Violet,33,0.0015151515151515152,Network-specific Bonferroni correction,0.0015151515151515152,Fodder et al. (2023)
6,FTLD1_grey60,Frontotemporal lobar degeneration,FTLD,FTLD1,FTLD1,FTLD,grey60,Grey60,33,0.0015151515151515152,Network-specific Bonferroni correction,0.0015151515151515152,Fodder et al. (2023)
7,FTLD1_red,Frontotemporal lobar degeneration,FTLD,FTLD1,FTLD1,FTLD,red,Red,33,0.0015151515151515152,Network-specific Bonferroni correction,0.0015151515151515152,Fodder et al. (2023)
8,FTLD1_blue,Frontotemporal lobar degeneration,FTLD,FTLD1,FTLD1,FTLD,blue,Blue,33,0.0015151515151515152,Network-specific Bonferroni correction,0.0015151515151515152,Fodder et al. (2023)
9,FTLD1_darkgreen,Frontotemporal lobar degeneration,FTLD,FTLD1,FTLD1,FTLD,darkgreen,Darkgreen,33,0.0015151515151515152,Network-specific Bonferroni correction,0.0015151515151515152,Fodder et al. (2023)
1,FTLD2_darkorange2,Frontotemporal lobar degeneration,FTLD,FTLD2,FTLD2,FTLD,darkorange2,Darkorange2,49,0.0010204081632653062,Network-specific Bonferroni correction,0.0010204081632653062,Fodder et al. (2023)
2,FTLD2_plum2,Frontotemporal lobar degeneration,FTLD,FTLD2,FTLD2,FTLD,plum2,Plum2,49,0.0010204081632653062,Network-specific Bonferroni correction,0.0010204081632653062,Fodder et al. (2023)
3,FTLD2_lightcyan1,Frontotemporal lobar degeneration,FTLD,FTLD2,FTLD2,FTLD,lightcyan1,Lightcyan1,49,0.0010204081632653062,Network-specific Bonferroni correction,0.0010204081632653062,Fodder et al. (2023)
4,FTLD2_mediumpurple3,Frontotemporal lobar degeneration,FTLD,FTLD2,FTLD2,FTLD,mediumpurple3,Mediumpurple3,49,0.0010204081632653062,Network-specific Bonferroni correction,0.0010204081632653062,Fodder et al. (2023)
5,FTLD2_sienna3,Frontotemporal lobar degeneration,FTLD,FTLD2,FTLD2,FTLD,sienna3,Sienna3,49,0.0010204081632653062,Network-specific Bonferroni correction,0.0010204081632653062,Fodder et al. (2023)
6,FTLD2_darkmagenta,Frontotemporal lobar degeneration,FTLD,FTLD2,FTLD2,FTLD,darkmagenta,Darkmagenta,49,0.0010204081632653062,Network-specific Bonferroni correction,0.0010204081632653062,Fodder et al. (2023)
7,FTLD2_red,Frontotemporal lobar degeneration,FTLD,FTLD2,FTLD2,FTLD,red,Red,49,0.0010204081632653062,Network-specific Bonferroni correction,0.0010204081632653062,Fodder et al. (2023)
8,FTLD2_ivory,Frontotemporal lobar degeneration,FTLD,FTLD2,FTLD2,FTLD,ivory,Ivory,49,0.0010204081632653062,Network-specific Bonferroni correction,0.0010204081632653062,Fodder et al. (2023)
9,FTLD2_darkgrey,Frontotemporal lobar degeneration,FTLD,FTLD2,FTLD2,FTLD,darkgrey,Darkgrey,49,0.0010204081632653062,Network-specific Bonferroni correction,0.0010204081632653062,Fodder et al. (2023)
10,FTLD2_darkorange,Frontotemporal lobar degeneration,FTLD,FTLD2,FTLD2,FTLD,darkorange,Darkorange,49,0.0010204081632653062,Network-specific Bonferroni correction,0.0010204081632653062,Fodder et al. (2023)
11,FTLD2_tan,Frontotemporal lobar degeneration,FTLD,FTLD2,FTLD2,FTLD,tan,Tan,49,0.0010204081632653062,Network-specific Bonferroni correction,0.0010204081632653062,Fodder et al. (2023)
12,FTLD2_midnightblue,Frontotemporal lobar degeneration,FTLD,FTLD2,FTLD2,FTLD,midnightblue,Midnightblue,49,0.0010204081632653062,Network-specific Bonferroni correction,0.0010204081632653062,Fodder et al. (2023)
13,FTLD2_orangered4,Frontotemporal lobar degeneration,FTLD,FTLD2,FTLD2,FTLD,orangered4,Orangered4,49,0.0010204081632653062,Network-specific Bonferroni correction,0.0010204081632653062,Fodder et al. (2023)
14,FTLD2_steelblue,Frontotemporal lobar degeneration,FTLD,FTLD2,FTLD2,FTLD,steelblue,Steelblue,49,0.0010204081632653062,Network-specific Bonferroni correction,0.0010204081632653062,Fodder et al. (2023)
15,FTLD2_blue,Frontotemporal lobar degeneration,FTLD,FTLD2,FTLD2,FTLD,blue,Blue,49,0.0010204081632653062,Network-specific Bonferroni correction,0.0010204081632653062,Fodder et al. (2023)
16,FTLD2_paleturquoise,Frontotemporal lobar degeneration,FTLD,FTLD2,FTLD2,FTLD,paleturquoise,Paleturquoise,49,0.0010204081632653062,Network-specific Bonferroni correction,0.0010204081632653062,Fodder et al. (2023)
1,FTLD3_purple,Frontotemporal lobar degeneration,FTLD,FTLD3,FTLD3,FTLD,purple,Purple,14,0.0035714285714285718,Network-specific Bonferroni correction,0.0035714285714285718,Fodder et al. (2023)
2,FTLD3_cyan,Frontotemporal lobar degeneration,FTLD,FTLD3,FTLD3,FTLD,cyan,Cyan,14,0.0035714285714285718,Network-specific Bonferroni correction,0.0035714285714285718,Fodder et al. (2023)
3,FTLD3_salmon,Frontotemporal lobar degeneration,FTLD,FTLD3,FTLD3,FTLD,salmon,Salmon,14,0.0035714285714285718,Network-specific Bonferroni correction,0.0035714285714285718,Fodder et al. (2023)
4,FTLD3_black,Frontotemporal lobar degeneration,FTLD,FTLD3,FTLD3,FTLD,black,Black,14,0.0035714285714285718,Network-specific Bonferroni correction,0.0035714285714285718,Fodder et al. (2023)
5,FTLD3_turquoise,Frontotemporal lobar degeneration,FTLD,FTLD3,FTLD3,FTLD,turquoise,Turquoise,14,0.0035714285714285718,Network-specific Bonferroni correction,0.0035714285714285718,Fodder et al. (2023)
6,FTLD3_blue,Frontotemporal lobar degeneration,FTLD,FTLD3,FTLD3,FTLD,blue,Blue,14,0.0035714285714285718,Network-specific Bonferroni correction,0.0035714285714285718,Fodder et al. (2023)
7,FTLD3_magenta,Frontotemporal lobar degeneration,FTLD,FTLD3,FTLD3,FTLD,magenta,Magenta,14,0.0035714285714285718,Network-specific Bonferroni correction,0.0035714285714285718,Fodder et al. (2023)
8,FTLD3_pink,Frontotemporal lobar degeneration,FTLD,FTLD3,FTLD3,FTLD,pink,Pink,14,0.0035714285714285718,Network-specific Bonferroni correction,0.0035714285714285718,Fodder et al. (2023)
9,FTLD3_yellow,Frontotemporal lobar degeneration,FTLD,FTLD3,FTLD3,FTLD,yellow,Yellow,14,0.0035714285714285718,Network-specific Bonferroni correction,0.0035714285714285718,Fodder et al. (2023)
10,FTLD3_brown,Frontotemporal lobar degeneration,FTLD,FTLD3,FTLD3,FTLD,brown,Brown,14,0.0035714285714285718,Network-specific Bonferroni correction,0.0035714285714285718,Fodder et al. (2023)
1,MSA_darkturquoise,Movement disorders,MSA,Movement-disorder network,MSA,MSA,darkturquoise,Darkturquoise,32,0.0015625,Network-specific Bonferroni correction,0.0015625,Murthy et al. (2024)
2,MSA_violet,Movement disorders,MSA,Movement-disorder network,MSA,MSA,violet,Violet,32,0.0015625,Network-specific Bonferroni correction,0.0015625,Murthy et al. (2024)
3,MSA_darkgreen,Movement disorders,MSA,Movement-disorder network,MSA,MSA,darkgreen,Darkgreen,32,0.0015625,Network-specific Bonferroni correction,0.0015625,Murthy et al. (2024)
4,MSA_saddlebrown,Movement disorders,MSA,Movement-disorder network,MSA,MSA,saddlebrown,Saddlebrown,32,0.0015625,Network-specific Bonferroni correction,0.0015625,Murthy et al. (2024)
5,MSA_lightcyan,Movement disorders,MSA,Movement-disorder network,MSA,MSA,lightcyan,Lightcyan,32,0.0015625,Network-specific Bonferroni correction,0.0015625,Murthy et al. (2024)
6,MSA_white,Movement disorders,MSA,Movement-disorder network,MSA,MSA,white,White,32,0.0015625,Network-specific Bonferroni correction,0.0015625,Murthy et al. (2024)
7,MSA_midnightblue,Movement disorders,MSA,Movement-disorder network,MSA,MSA,midnightblue,Midnightblue,32,0.0015625,Network-specific Bonferroni correction,0.0015625,Murthy et al. (2024)
1,PD_darkturquoise,Movement disorders,PD,Movement-disorder network,PD,PD,darkturquoise,Darkturquoise,32,0.0015625,Network-specific Bonferroni correction,0.0015625,Murthy et al. (2024)
2,PD_darkgreen,Movement disorders,PD,Movement-disorder network,PD,PD,darkgreen,Darkgreen,32,0.0015625,Network-specific Bonferroni correction,0.0015625,Murthy et al. (2024)
3,PD_lightcyan,Movement disorders,PD,Movement-disorder network,PD,PD,lightcyan,Lightcyan,32,0.0015625,Network-specific Bonferroni correction,0.0015625,Murthy et al. (2024)
4,PD_darkgrey,Movement disorders,PD,Movement-disorder network,PD,PD,darkgrey,Darkgrey,32,0.0015625,Network-specific Bonferroni correction,0.0015625,Murthy et al. (2024)
5,PD_white,Movement disorders,PD,Movement-disorder network,PD,PD,white,White,32,0.0015625,Network-specific Bonferroni correction,0.0015625,Murthy et al. (2024)
6,PD_darkred,Movement disorders,PD,Movement-disorder network,PD,PD,darkred,Darkred,32,0.0015625,Network-specific Bonferroni correction,0.0015625,Murthy et al. (2024)
1,PSP_darkorange,Movement disorders,PSP,Movement-disorder network,PSP,PSP,darkorange,Darkorange,32,0.0015625,Network-specific Bonferroni correction,0.0015625,Murthy et al. (2024)
2,PSP_lightgreen,Movement disorders,PSP,Movement-disorder network,PSP,PSP,lightgreen,Lightgreen,32,0.0015625,Network-specific Bonferroni correction,0.0015625,Murthy et al. (2024)
3,PSP_black,Movement disorders,PSP,Movement-disorder network,PSP,PSP,black,Black,32,0.0015625,Network-specific Bonferroni correction,0.0015625,Murthy et al. (2024)
4,PSP_skyblue,Movement disorders,PSP,Movement-disorder network,PSP,PSP,skyblue,Skyblue,32,0.0015625,Network-specific Bonferroni correction,0.0015625,Murthy et al. (2024)
5,PSP_lightcyan,Movement disorders,PSP,Movement-disorder network,PSP,PSP,lightcyan,Lightcyan,32,0.0015625,Network-specific Bonferroni correction,0.0015625,Murthy et al. (2024)
6,PSP_pink,Movement disorders,PSP,Movement-disorder network,PSP,PSP,pink,Pink,32,0.0015625,Network-specific Bonferroni correction,0.0015625,Murthy et al. (2024)
7,PSP_darkgrey,Movement disorders,PSP,Movement-disorder network,PSP,PSP,darkgrey,Darkgrey,32,0.0015625,Network-specific Bonferroni correction,0.0015625,Murthy et al. (2024)
8,PSP_darkred,Movement disorders,PSP,Movement-disorder network,PSP,PSP,darkred,Darkred,32,0.0015625,Network-specific Bonferroni correction,0.0015625,Murthy et al. (2024)
9,PSP_steelblue,Movement disorders,PSP,Movement-disorder network,PSP,PSP,steelblue,Steelblue,32,0.0015625,Network-specific Bonferroni correction,0.0015625,Murthy et al. (2024)
