module_id,Module,disease_group,dataset_or_network,Metal_enrichment,published_EWCE_significant,significant_EWCE_cell_types,Published_EWCE_result,EWCE_source_study,source_significance_criterion,EWCE_reference_dataset,integration_type
AD_ERC_greenyellow,AD ERC greenyellow,Alzheimer's disease,ERC,Copper,FALSE,,No significant enrichment reported,Fodder et al. (2026),Significance as reported in the source study,Zeisel et al. (2015) mouse nervous-system single-cell reference with human-homologue mapping,Published EWCE result
AD_ERC_darkred,AD ERC darkred,Alzheimer's disease,ERC,Broad iron,FALSE,,No significant enrichment reported,Fodder et al. (2026),Significance as reported in the source study,Zeisel et al. (2015) mouse nervous-system single-cell reference with human-homologue mapping,Published EWCE result
AD_HIPPO_yellow,AD HIPPO yellow,Alzheimer's disease,HIPPO,Core iron,FALSE,,No significant enrichment reported,Fodder et al. (2026),Significance as reported in the source study,Zeisel et al. (2015) mouse nervous-system single-cell reference with human-homologue mapping,Published EWCE result
FTLD1_red,FTLD1 red,Frontotemporal lobar degeneration,FTLD1,Copper,TRUE,CA1 pyramidal neurons,CA1 pyramidal neurons,Fodder et al. (2023),Bonferroni-adjusted P < 0.05,Zeisel et al. (2015) mouse nervous-system single-cell reference with human-homologue mapping,Published EWCE result
FTLD2_darkmagenta,FTLD2 darkmagenta,Frontotemporal lobar degeneration,FTLD2,Broad and core iron,FALSE,,No significant enrichment reported,Fodder et al. (2023),Bonferroni-adjusted P < 0.05,Zeisel et al. (2015) mouse nervous-system single-cell reference with human-homologue mapping,Published EWCE result
FTLD3_black,FTLD3 black,Frontotemporal lobar degeneration,FTLD3,Broad and core iron,TRUE,Somatosensory and CA1 pyramidal neurons,Somatosensory and CA1 pyramidal neurons,Fodder et al. (2023),Bonferroni-adjusted P < 0.05,Zeisel et al. (2015) mouse nervous-system single-cell reference with human-homologue mapping,Published EWCE result
FTLD3_turquoise,FTLD3 turquoise,Frontotemporal lobar degeneration,FTLD3,Broad and core iron,TRUE,Somatosensory and CA1 pyramidal neurons; oligodendrocytes; interneurons,Somatosensory and CA1 pyramidal neurons; oligodendrocytes; interneurons,Fodder et al. (2023),Bonferroni-adjusted P < 0.05,Zeisel et al. (2015) mouse nervous-system single-cell reference with human-homologue mapping,Published EWCE result
MSA_violet,MSA violet,Movement disorders,Movement-disorder network,Core iron,FALSE,,No significant enrichment reported,Murthy et al. (2024),Bonferroni-adjusted P < 0.05,Zeisel et al. (2015) mouse nervous-system single-cell reference with human-homologue mapping,Published EWCE result
PSP_pink,PSP pink,Movement disorders,Movement-disorder network,Core iron,FALSE,,No significant enrichment reported,Murthy et al. (2024),Bonferroni-adjusted P < 0.05,Zeisel et al. (2015) mouse nervous-system single-cell reference with human-homologue mapping,Published EWCE result
