module_id,gene_symbol,copper,broad_iron,core_iron,module_order,module_label,enriched_metal_set,module_colour,contributed_to_enrichment,candidate_basis,log2_fold_change,nominal_p,adjusted_p,matched_in_FTLDexp,significant,direction,minus_log10_adjusted_p
FTLD1_red,STEAP4,FALSE,TRUE,FALSE,1,FTLD1 red,Copper,#D73027,FALSE,Curated metal-associated gene assigned to the retained module,1.7437094645517548,1.1243035329817998e-4,0.00352287383964701,TRUE,TRUE,Upregulated,2.453102909395029
FTLD1_red,LMTK2,FALSE,TRUE,TRUE,1,FTLD1 red,Copper,#D73027,FALSE,Curated metal-associated gene assigned to the retained module,-0.3315881897168369,0.0016842418451254,0.01608985214984932,TRUE,TRUE,Downregulated,1.7934479466281057
FTLD1_red,PLOD3,FALSE,TRUE,TRUE,1,FTLD1 red,Copper,#D73027,FALSE,Curated metal-associated gene assigned to the retained module,0.33477976484614125,0.00964892011844195,0.04763244032997842,TRUE,TRUE,Upregulated,1.322097167917456
FTLD2_darkmagenta,LMTK2,FALSE,TRUE,TRUE,2,FTLD2 darkmagenta,Broad and core iron,#9E006E,TRUE,Curated metal-associated gene assigned to the retained module,-0.3315881897168369,0.0016842418451254,0.01608985214984932,TRUE,TRUE,Downregulated,1.7934479466281057
FTLD2_darkmagenta,BMP6,FALSE,TRUE,TRUE,2,FTLD2 darkmagenta,Broad and core iron,#9E006E,TRUE,Curated metal-associated gene assigned to the retained module,0.9236394400893628,0.00213022331584817,0.01864034457525845,TRUE,TRUE,Upregulated,1.7295460637765552
FTLD2_darkmagenta,SLC39A1,FALSE,TRUE,TRUE,2,FTLD2 darkmagenta,Broad and core iron,#9E006E,TRUE,Curated metal-associated gene assigned to the retained module,0.3151369924792249,0.00327093876316641,0.02442106686532103,TRUE,TRUE,Upregulated,1.6122353672707004
FTLD2_darkmagenta,AOX1,FALSE,TRUE,TRUE,2,FTLD2 darkmagenta,Broad and core iron,#9E006E,TRUE,Curated metal-associated gene assigned to the retained module,0.9724226801543652,0.00515604502407097,0.0324087622819308,TRUE,TRUE,Upregulated,1.489337554725023
FTLD3_black,SMAD9,FALSE,TRUE,TRUE,3,FTLD3 black,Broad and core iron,#2B2B2B,TRUE,Curated metal-associated gene assigned to the retained module,0.5657743027811728,1.3659131274174936e-4,0.00385828983400479,TRUE,TRUE,Upregulated,2.4136051513471264
FTLD3_black,MECR,FALSE,TRUE,TRUE,3,FTLD3 black,Broad and core iron,#2B2B2B,TRUE,Curated metal-associated gene assigned to the retained module,-0.2670043274337748,2.352182253583846e-4,0.00511783022346813,TRUE,TRUE,Downregulated,2.290914125294071
FTLD3_black,LMTK2,FALSE,TRUE,TRUE,3,FTLD3 black,Broad and core iron,#2B2B2B,TRUE,Curated metal-associated gene assigned to the retained module,-0.3315881897168369,0.0016842418451254,0.01608985214984932,TRUE,TRUE,Downregulated,1.7934479466281057
FTLD3_black,CYP2E1,FALSE,TRUE,FALSE,3,FTLD3 black,Broad and core iron,#2B2B2B,TRUE,Curated metal-associated gene assigned to the retained module,-0.4756161754455486,0.00185103925751856,0.01706037106962616,TRUE,TRUE,Downregulated,1.7680115269939087
FTLD3_black,BMP6,FALSE,TRUE,TRUE,3,FTLD3 black,Broad and core iron,#2B2B2B,TRUE,Curated metal-associated gene assigned to the retained module,0.9236394400893628,0.00213022331584817,0.01864034457525845,TRUE,TRUE,Upregulated,1.7295460637765552
FTLD3_black,LYRM4,FALSE,TRUE,TRUE,3,FTLD3 black,Broad and core iron,#2B2B2B,TRUE,Curated metal-associated gene assigned to the retained module,-0.24089874708264203,0.00215725458286206,0.01876601574421269,TRUE,TRUE,Downregulated,1.7266279236480293
FTLD3_black,SLC39A1,FALSE,TRUE,TRUE,3,FTLD3 black,Broad and core iron,#2B2B2B,TRUE,Curated metal-associated gene assigned to the retained module,0.3151369924792249,0.00327093876316641,0.02442106686532103,TRUE,TRUE,Upregulated,1.6122353672707004
FTLD3_black,ATP13A2,FALSE,TRUE,TRUE,3,FTLD3 black,Broad and core iron,#2B2B2B,TRUE,Curated metal-associated gene assigned to the retained module,-0.26341939732571173,0.00339460082044313,0.02494817056625534,TRUE,TRUE,Downregulated,1.6029612954157484
FTLD3_black,MT3,TRUE,FALSE,FALSE,3,FTLD3 black,Broad and core iron,#2B2B2B,FALSE,Curated metal-associated gene assigned to the retained module,0.3627068003010052,0.00409787324658787,0.02810373031596684,TRUE,TRUE,Upregulated,1.551236030695728
FTLD3_black,ALOX5,FALSE,TRUE,TRUE,3,FTLD3 black,Broad and core iron,#2B2B2B,TRUE,Curated metal-associated gene assigned to the retained module,0.6022955528193115,0.00455463459192362,0.02987560534113238,TRUE,TRUE,Upregulated,1.524683286256357
FTLD3_black,ARF1,TRUE,FALSE,FALSE,3,FTLD3 black,Broad and core iron,#2B2B2B,FALSE,Curated metal-associated gene assigned to the retained module,-0.16787398177596025,0.0051900237958824,0.0325636654890931,TRUE,TRUE,Downregulated,1.4872667152051946
FTLD3_black,CAT,FALSE,TRUE,FALSE,3,FTLD3 black,Broad and core iron,#2B2B2B,TRUE,Curated metal-associated gene assigned to the retained module,0.3563467745811808,0.00539947594239614,0.03330870349257107,TRUE,TRUE,Upregulated,1.4774422714511342
FTLD3_black,SNCA,TRUE,TRUE,TRUE,3,FTLD3 black,Broad and core iron,#2B2B2B,TRUE,Curated metal-associated gene assigned to the retained module,-0.4139041712636802,0.00720242895508215,0.03992426918930737,TRUE,TRUE,Downregulated,1.3987630248439813
FTLD3_black,SLC25A39,FALSE,TRUE,TRUE,3,FTLD3 black,Broad and core iron,#2B2B2B,TRUE,Curated metal-associated gene assigned to the retained module,0.17397510056020327,0.00833605625782593,0.04370138114505591,TRUE,TRUE,Upregulated,1.3595048373042251
FTLD3_black,FECH,FALSE,TRUE,FALSE,3,FTLD3 black,Broad and core iron,#2B2B2B,TRUE,Curated metal-associated gene assigned to the retained module,-0.1834657484541169,0.00850204742838882,0.04419240555271782,TRUE,TRUE,Downregulated,1.3546523575724236
FTLD3_black,NUBP1,FALSE,TRUE,TRUE,3,FTLD3 black,Broad and core iron,#2B2B2B,TRUE,Curated metal-associated gene assigned to the retained module,0.22068094620726345,0.00887664717802385,0.04535647856219852,TRUE,TRUE,Upregulated,1.343360671054576
FTLD3_black,NDFIP1,FALSE,TRUE,TRUE,3,FTLD3 black,Broad and core iron,#2B2B2B,TRUE,Curated metal-associated gene assigned to the retained module,-0.2745822976120893,0.00901534239247615,0.0457304148434914,TRUE,TRUE,Downregulated,1.3397948588987412
FTLD3_black,SMAD1,FALSE,TRUE,TRUE,3,FTLD3 black,Broad and core iron,#2B2B2B,TRUE,Curated metal-associated gene assigned to the retained module,0.20668304273710936,0.00990443821387986,0.04842555390206013,TRUE,TRUE,Upregulated,1.3149254030253212
FTLD3_turquoise,TFAP2A,FALSE,TRUE,TRUE,4,FTLD3 turquoise,Broad and core iron,#109C95,TRUE,Curated metal-associated gene assigned to the retained module,0.9207989753984048,0.00140887493910968,0.01458963556355081,TRUE,TRUE,Upregulated,1.835955556270745
FTLD3_turquoise,LMTK2,FALSE,TRUE,TRUE,4,FTLD3 turquoise,Broad and core iron,#109C95,TRUE,Curated metal-associated gene assigned to the retained module,-0.3315881897168369,0.0016842418451254,0.01608985214984932,TRUE,TRUE,Downregulated,1.7934479466281057
FTLD3_turquoise,ADO,FALSE,TRUE,TRUE,4,FTLD3 turquoise,Broad and core iron,#109C95,TRUE,Curated metal-associated gene assigned to the retained module,-0.22241258993707724,0.00171686206226262,0.01626783151888594,TRUE,TRUE,Downregulated,1.788670334103511
FTLD3_turquoise,COX10,FALSE,TRUE,FALSE,4,FTLD3 turquoise,Broad and core iron,#109C95,TRUE,Curated metal-associated gene assigned to the retained module,-0.198753890915206,0.00196472206679345,0.0177007978964253,TRUE,TRUE,Downregulated,1.7520071565644952
FTLD3_turquoise,BMP6,FALSE,TRUE,TRUE,4,FTLD3 turquoise,Broad and core iron,#109C95,TRUE,Curated metal-associated gene assigned to the retained module,0.9236394400893628,0.00213022331584817,0.01864034457525845,TRUE,TRUE,Upregulated,1.7295460637765552
FTLD3_turquoise,SLC39A1,FALSE,TRUE,TRUE,4,FTLD3 turquoise,Broad and core iron,#109C95,TRUE,Curated metal-associated gene assigned to the retained module,0.3151369924792249,0.00327093876316641,0.02442106686532103,TRUE,TRUE,Upregulated,1.6122353672707004
FTLD3_turquoise,MT3,TRUE,FALSE,FALSE,4,FTLD3 turquoise,Broad and core iron,#109C95,FALSE,Curated metal-associated gene assigned to the retained module,0.3627068003010052,0.00409787324658787,0.02810373031596684,TRUE,TRUE,Upregulated,1.551236030695728
FTLD3_turquoise,ARF1,TRUE,FALSE,FALSE,4,FTLD3 turquoise,Broad and core iron,#109C95,FALSE,Curated metal-associated gene assigned to the retained module,-0.16787398177596025,0.0051900237958824,0.0325636654890931,TRUE,TRUE,Downregulated,1.4872667152051946
FTLD3_turquoise,CAT,FALSE,TRUE,FALSE,4,FTLD3 turquoise,Broad and core iron,#109C95,TRUE,Curated metal-associated gene assigned to the retained module,0.3563467745811808,0.00539947594239614,0.03330870349257107,TRUE,TRUE,Upregulated,1.4774422714511342
FTLD3_turquoise,SNCA,TRUE,TRUE,TRUE,4,FTLD3 turquoise,Broad and core iron,#109C95,TRUE,Curated metal-associated gene assigned to the retained module,-0.4139041712636802,0.00720242895508215,0.03992426918930737,TRUE,TRUE,Downregulated,1.3987630248439813
FTLD3_turquoise,SLC25A39,FALSE,TRUE,TRUE,4,FTLD3 turquoise,Broad and core iron,#109C95,TRUE,Curated metal-associated gene assigned to the retained module,0.17397510056020327,0.00833605625782593,0.04370138114505591,TRUE,TRUE,Upregulated,1.3595048373042251
FTLD3_turquoise,FECH,FALSE,TRUE,FALSE,4,FTLD3 turquoise,Broad and core iron,#109C95,TRUE,Curated metal-associated gene assigned to the retained module,-0.1834657484541169,0.00850204742838882,0.04419240555271782,TRUE,TRUE,Downregulated,1.3546523575724236
FTLD3_turquoise,NUBP1,FALSE,TRUE,TRUE,4,FTLD3 turquoise,Broad and core iron,#109C95,TRUE,Curated metal-associated gene assigned to the retained module,0.22068094620726345,0.00887664717802385,0.04535647856219852,TRUE,TRUE,Upregulated,1.343360671054576
FTLD3_turquoise,SMAD1,FALSE,TRUE,TRUE,4,FTLD3 turquoise,Broad and core iron,#109C95,TRUE,Curated metal-associated gene assigned to the retained module,0.20668304273710936,0.00990443821387986,0.04842555390206013,TRUE,TRUE,Upregulated,1.3149254030253212
FTLD3_turquoise,ACO2,FALSE,TRUE,TRUE,4,FTLD3 turquoise,Broad and core iron,#109C95,TRUE,Curated metal-associated gene assigned to the retained module,-0.1737808495751363,0.01031857866535192,0.04957494167085784,TRUE,TRUE,Downregulated,1.3047377881068145
